{"stats":{"minecraft:picked_up":{"everlastingabilities:ability_bottle":2,"mca:book_romance":1},"minecraft:custom":{"minecraft:jump":4,"minecraft:time_since_rest":123826,"minecraft:damage_taken":1470,"minecraft:crouch_one_cm":2204,"minecraft:leave_game":8,"minecraft:play_time":127705,"minecraft:time_since_death":123780,"minecraft:walk_one_cm":968,"minecraft:deaths":2,"minecraft:sneak_time":865,"minecraft:total_world_time":127705,"minecraft:fall_one_cm":11335,"minecraft:fly_one_cm":2213}},"DataVersion":3465}