{"stats":{"minecraft:picked_up":{"everlastingabilities:ability_bottle":2,"mca:book_romance":1},"minecraft:custom":{"minecraft:jump":3,"minecraft:time_since_rest":14507,"minecraft:damage_taken":1350,"minecraft:crouch_one_cm":1137,"minecraft:leave_game":5,"minecraft:play_time":18386,"minecraft:time_since_death":14461,"minecraft:walk_one_cm":373,"minecraft:deaths":2,"minecraft:sneak_time":289,"minecraft:total_world_time":18386,"minecraft:fall_one_cm":11104,"minecraft:fly_one_cm":1724}},"DataVersion":3465}