{"stats":{"minecraft:picked_up":{"everlastingabilities:ability_bottle":2,"mca:book_romance":1},"minecraft:custom":{"minecraft:jump":5,"minecraft:time_since_rest":1183,"minecraft:damage_taken":2670,"minecraft:crouch_one_cm":2204,"minecraft:leave_game":9,"minecraft:play_time":138564,"minecraft:time_since_death":0,"minecraft:walk_one_cm":1083,"minecraft:deaths":3,"minecraft:sneak_time":865,"minecraft:total_world_time":138564,"minecraft:fall_one_cm":23201,"minecraft:fly_one_cm":2450}},"DataVersion":3465}