{"stats":{"minecraft:custom":{"minecraft:jump":4,"minecraft:time_since_rest":85854,"minecraft:damage_taken":1470,"minecraft:crouch_one_cm":2204,"minecraft:leave_game":7,"minecraft:play_time":89733,"minecraft:time_since_death":85808,"minecraft:walk_one_cm":968,"minecraft:deaths":2,"minecraft:sneak_time":865,"minecraft:total_world_time":89733,"minecraft:fall_one_cm":11335,"minecraft:fly_one_cm":2213},"minecraft:picked_up":{"everlastingabilities:ability_bottle":2,"mca:book_romance":1}},"DataVersion":3465}