{"stats":{"minecraft:picked_up":{"everlastingabilities:ability_bottle":2,"mca:book_romance":1},"minecraft:custom":{"minecraft:jump":4,"minecraft:time_since_rest":57156,"minecraft:damage_taken":1470,"minecraft:crouch_one_cm":2204,"minecraft:leave_game":5,"minecraft:play_time":61035,"minecraft:time_since_death":57110,"minecraft:walk_one_cm":968,"minecraft:deaths":2,"minecraft:sneak_time":865,"minecraft:total_world_time":61035,"minecraft:fall_one_cm":11335,"minecraft:fly_one_cm":2213}},"DataVersion":3465}