{"stats":{"minecraft:mined":{"minecraft:large_fern":2,"minecraft:sweet_berry_bush":7,"minecraft:spruce_log":2,"minecraft:white_carpet":2,"minecraft:crafting_table":1,"minecraft:ladder":2,"minecraft:grass_block":1,"minecraft:dirt":2,"minecraft:stone":22,"minecraft:oak_wall_sign":1,"minecraft:fern":1},"minecraft:used":{"minecraft:bread":4,"minecraft:ladder":2,"minecraft:iron_helmet":1,"minecraft:wooden_pickaxe":25,"minecraft:stone_axe":1,"minecraft:iron_chestplate":1,"minecraft:dirt":3,"minecraft:white_carpet":2,"minecraft:crafting_table":1,"minecraft:splash_potion":1},"minecraft:custom":{"minecraft:time_since_rest":3060,"minecraft:interact_with_smithing_table":1,"lootr:looted_stat":6,"minecraft:sprint_one_cm":54058,"minecraft:damage_taken":190,"minecraft:walk_one_cm":31450,"minecraft:damage_dealt":64,"minecraft:swim_one_cm":3550,"minecraft:interact_with_crafting_table":2,"minecraft:fly_one_cm":35579,"minecraft:crouch_one_cm":1634,"minecraft:play_time":29597,"minecraft:sneak_time":1451,"minecraft:walk_under_water_one_cm":17358,"minecraft:jump":200,"minecraft:interact_with_brewingstand":1,"minecraft:walk_on_water_one_cm":6300,"minecraft:time_since_death":29597,"minecraft:sleep_in_bed":2,"minecraft:climb_one_cm":616,"minecraft:total_world_time":29597,"minecraft:fall_one_cm":2092},"minecraft:crafted":{"minecraft:crafting_table":1,"minecraft:spruce_planks":16,"minecraft:stick":8,"minecraft:wooden_pickaxe":1,"minecraft:stone_pickaxe":1,"minecraft:stone_sword":1,"minecraft:stone_axe":1},"minecraft:picked_up":{"minecraft:crafting_table":1,"minecraft:wheat":2,"minecraft:ladder":2,"minecraft:sweet_berries":20,"minecraft:spruce_log":1,"minecraft:dirt":3,"minecraft:string":1,"minecraft:white_carpet":2,"minecraft:rotten_flesh":3,"minecraft:oak_sign":1,"minecraft:wheat_seeds":2,"everlastingabilities:ability_bottle":1,"minecraft:cobblestone":22}},"DataVersion":3465}