{"stats":{"minecraft:broken":{"minecraft:iron_shovel":1,"minecraft:stone_pickaxe":1,"minecraft:stone_axe":5,"minecraft:iron_sword":1,"minecraft:wooden_axe":1,"securitycraft:universal_block_reinforcer_lvl1":4,"minecraft:stone_shovel":2,"minecraft:shield":1,"minecraft:iron_axe":1,"minecraft:iron_pickaxe":2},"minecraft:picked_up":{"minecraft:wheat":6,"securitycraft:keypad_item":13,"minecraft:diamond_sword":1,"minecraft:oak_stairs":4,"minecraft:potion":1,"minecraft:string":81,"minecraft:raw_copper":2,"minecraft:sticky_piston":12,"securitycraft:reinforced_dirt":53,"minecraft:shroomlight":13,"minecraft:oak_sign":1,"cwsr:ender_essence":1,"minecraft:cobbled_deepslate":578,"securitycraft:reinforced_spruce_planks":41,"minecraft:spruce_planks":109,"minecraft:azalea":3,"croptopia:blueberry":1,"minecraft:iron_boots":1,"securitycraft:reinforced_spruce_slab":4,"minecraft:furnace":22,"minecraft:stick":92,"minecraft:big_dripleaf":1,"minecraft:torch":165,"minecraft:spruce_stairs":5,"minecraft:diorite":326,"minecraft:stone_sword":3,"minecraft:rotten_flesh":56,"artifacts:lucky_scarf":1,"colossalchests:colossal_chest_wood":6,"fromtheshadows:crimson_shell":2,"minecraft:cod":1,"minecraft:snowball":26,"minecraft:cobblestone":908,"minecraft:cooked_beef":5,"minecraft:repeater":1,"minecraft:iron_door":2,"minecraft:andesite":9,"minecraft:smoker":2,"minecraft:potato":722,"minecraft:flint":3,"minecraft:tuff":123,"croptopia:blueberry_seed":2,"minecraft:lapis_lazuli":51,"minecraft:dirt":1504,"cwsr:beast_essence":3,"minecraft:bone":42,"minecraft:glass":5,"minecraft:bow":4,"minecraft:wheat_seeds":58,"everlastingabilities:ability_totem":3,"minecraft:moss_block":1,"minecraft:oak_planks":21,"croptopia:plum":3,"minecraft:stripped_acacia_wood":3,"minecraft:sand":16,"minecraft:stripped_spruce_log":6,"minecraft:ink_sac":2,"minecraft:mossy_cobblestone":1,"minecraft:iron_hoe":1,"cwsr:light_essence":3,"minecraft:diamond":40,"minecraft:lever":4,"minecraft:crossbow":5,"minecraft:granite":9,"minecraft:emerald":8,"minecraft:chainmail_helmet":1,"minecraft:diamond_pickaxe":1,"minecraft:charcoal":2,"minecraft:crafting_table":8,"cwsr:thunder_essence":3,"minecraft:ladder":2,"minecraft:clay_ball":29,"minecraft:wooden_pickaxe":3,"cwsr:ender_wind":3,"minecraft:moss_carpet":1,"minecraft:compass":1,"minecraft:white_carpet":2,"minecraft:item_frame":4,"croptopia:pear":2,"minecraft:beef":22,"securitycraft:reinforced_deepslate_bricks":32,"minecraft:spruce_slab":114,"colossalchests:chest_wall_wood":74,"minecraft:chest":21,"minecraft:spruce_trapdoor":2,"minecraft:egg":8,"minecraft:raw_iron":77,"securitycraft:reinforced_cobblestone":7,"securitycraft:reinforced_diorite":8,"minecraft:redstone":230,"minecraft:arrow":52,"minecraft:deepslate_bricks":42,"everlastingabilities:ability_bottle":2,"minecraft:saddle":2,"minecraft:totem_of_undying":2,"minecraft:glow_berries":2,"securitycraft:keypad_door_item":1,"minecraft:leather":7,"cwsr:earth_essence":1,"minecraft:filled_map":2,"minecraft:oak_log":4,"minecraft:chainmail_chestplate":2,"minecraft:gunpowder":10,"mca:book_romance":1,"immersive_aircraft:gyrodyne":1,"minecraft:paper":4,"securitycraft:reinforced_stripped_spruce_log":6,"minecraft:white_banner":5,"minecraft:gray_carpet":2,"minecraft:stone_pickaxe":2,"minecraft:iron_sword":2,"minecraft:flowering_azalea":1,"minecraft:smooth_basalt":3,"minecraft:sweet_berries":30,"minecraft:gravel":96,"minecraft:spruce_sapling":172,"minecraft:white_bed":1,"minecraft:spruce_log":720,"minecraft:purple_bed":1,"minecraft:slime_ball":6,"minecraft:chainmail_leggings":1,"minecraft:iron_helmet":2,"vanillaplustools:stone_hammer":1,"securitycraft:keypad":4,"securitycraft:door_indestructible_iron_item":2,"minecraft:coal":10},"minecraft:used":{"minecraft:moss_block":1,"minecraft:moss_carpet":1,"minecraft:iron_shovel":313,"minecraft:spruce_slab":117,"minecraft:ladder":2,"minecraft:oak_sign":1,"minecraft:chest":18,"minecraft:shield":79,"minecraft:stone":1,"minecraft:iron_sword":215,"minecraft:rotten_flesh":11,"minecraft:iron_chestplate":1,"securitycraft:reinforced_deepslate_bricks":32,"securitycraft:keypad_item":4,"minecraft:carrot":32,"minecraft:tuff":52,"minecraft:big_dripleaf":1,"minecraft:iron_helmet":1,"minecraft:item_frame":6,"minecraft:repeater":1,"minecraft:bow":3,"minecraft:sweet_berries":47,"minecraft:furnace":31,"minecraft:cooked_cod":6,"minecraft:egg":1,"cwsr:ender_wind":2,"minecraft:potato":323,"croptopia:pear":2,"minecraft:diorite":33,"securitycraft:door_indestructible_iron_item":1,"securitycraft:reinforced_spruce_planks":41,"minecraft:stone_pickaxe":131,"minecraft:wooden_pickaxe":25,"minecraft:clay":3,"colossalchests:chest_wall_wood":125,"minecraft:golden_apple":2,"minecraft:glow_berries":2,"minecraft:blast_furnace":9,"securitycraft:universal_block_remover":109,"securitycraft:reinforced_stripped_spruce_log":6,"croptopia:plum":3,"minecraft:sticky_piston":12,"minecraft:lever":5,"minecraft:bread":25,"minecraft:diamond_sword":376,"minecraft:bone_meal":34,"minecraft:stone_sword":20,"minecraft:stone_shovel":265,"minecraft:redstone":59,"minecraft:spruce_planks":647,"securitycraft:keypad_door_item":4,"minecraft:torch":392,"minecraft:dirt":784,"minecraft:white_carpet":2,"minecraft:spruce_stairs":172,"minecraft:granite":2,"securitycraft:reinforced_dirt":53,"minecraft:iron_hoe":160,"minecraft:wooden_axe":60,"minecraft:iron_axe":431,"minecraft:totem_of_undying":1,"minecraft:smooth_basalt":3,"minecraft:golden_carrot":45,"minecraft:beef":3,"minecraft:cooked_beef":12,"minecraft:cobbled_deepslate":101,"minecraft:water_bucket":2,"securitycraft:reinforced_cobblestone":7,"securitycraft:reinforced_diorite":8,"minecraft:deepslate_bricks":533,"minecraft:mossy_cobblestone":1,"minecraft:crafting_table":12,"minecraft:smoker":9,"minecraft:spruce_log":152,"minecraft:diamond_pickaxe":995,"minecraft:apple":15,"minecraft:iron_pickaxe":502,"minecraft:spruce_trapdoor":2,"minecraft:spruce_sapling":28,"colossalchests:colossal_chest_wood":8,"minecraft:stone_axe":687,"minecraft:cobblestone":190,"minecraft:potion":5,"minecraft:purple_bed":1,"minecraft:bucket":3,"minecraft:glass_pane":20,"minecraft:splash_potion":2},"minecraft:crafted":{"minecraft:smooth_stone":27,"minecraft:oak_planks":16,"colossalchests:colossal_chest_wood":2,"minecraft:stone":63,"minecraft:lever":1,"securitycraft:keypad_item":4,"minecraft:heavy_weighted_pressure_plate":6,"colossalchests:chest_wall_wood":53,"securitycraft:laser_block":5,"minecraft:glass":20,"minecraft:repeater":1,"minecraft:bow":2,"minecraft:diamond_helmet":1,"minecraft:diamond_leggings":1,"minecraft:chest":18,"minecraft:iron_door":3,"securitycraft:keypad_door_item":3,"minecraft:smoker":7,"minecraft:item_frame":4,"minecraft:crafting_table":7,"minecraft:spruce_planks":1680,"minecraft:baked_potato":5,"minecraft:wooden_pickaxe":1,"minecraft:spruce_trapdoor":2,"minecraft:diamond_pickaxe":1,"minecraft:charcoal":34,"minecraft:shield":2,"minecraft:stick":92,"minecraft:iron_ingot":104,"minecraft:iron_pickaxe":1,"minecraft:stone_sword":1,"minecraft:redstone_torch":2,"minecraft:deepslate_bricks":536,"minecraft:shears":1,"securitycraft:universal_block_reinforcer_lvl1":5,"minecraft:raw_iron":63,"minecraft:stone_shovel":2,"minecraft:furnace":27,"minecraft:stone_button":32,"minecraft:blast_furnace":9,"minecraft:bone_meal":60,"minecraft:glass_pane":32,"minecraft:spruce_stairs":168,"minecraft:polished_deepslate":536,"minecraft:iron_axe":1,"minecraft:spruce_wood":45,"securitycraft:universal_block_remover":1,"minecraft:spruce_slab":306,"minecraft:iron_hoe":1,"minecraft:stone_pickaxe":1,"minecraft:diamond_boots":2,"minecraft:redstone_block":5,"minecraft:cooked_beef":9,"minecraft:cooked_cod":6,"minecraft:diamond_sword":1,"minecraft:iron_sword":1,"minecraft:bucket":2,"minecraft:stone_axe":5,"minecraft:air":0,"securitycraft:door_indestructible_iron_item":3,"minecraft:wooden_axe":1,"minecraft:iron_shovel":2,"minecraft:torch":232,"minecraft:clay":3,"minecraft:diamond_chestplate":1},"minecraft:mined":{"minecraft:spruce_planks":74,"minecraft:white_bed":1,"minecraft:farmland":78,"minecraft:spruce_trapdoor":2,"minecraft:cave_vines_plant":1,"minecraft:granite":9,"minecraft:grass_block":275,"minecraft:deepslate_bricks":42,"minecraft:oak_wall_sign":1,"minecraft:sticky_piston":10,"minecraft:cobbled_deepslate":10,"minecraft:fire":1,"minecraft:deepslate_lapis_ore":2,"minecraft:dirt_path":1,"minecraft:cave_vines":1,"colossalchests:chest_wall_wood":75,"minecraft:spruce_slab":13,"minecraft:deepslate_redstone_ore":36,"minecraft:smoker":2,"minecraft:clay":11,"minecraft:torch":20,"minecraft:chest":20,"minecraft:cobblestone":106,"minecraft:oak_planks":2,"minecraft:wall_torch":53,"minecraft:repeater":1,"minecraft:light_gray_wool":1,"minecraft:grass":7,"minecraft:oak_log":8,"minecraft:sand":16,"minecraft:dirt":702,"minecraft:smooth_basalt":3,"minecraft:deepslate":402,"minecraft:tuff":71,"minecraft:mossy_cobblestone":1,"minecraft:deepslate_diamond_ore":28,"minecraft:lever":4,"minecraft:ladder":2,"minecraft:redstone_wire":42,"colossalchests:colossal_chest_wood":6,"minecraft:spruce_leaves":34,"minecraft:moss_block":1,"minecraft:large_fern":15,"minecraft:redstone_ore":1,"minecraft:furnace":22,"minecraft:andesite":9,"minecraft:stripped_spruce_log":6,"minecraft:potatoes":190,"minecraft:deepslate_iron_ore":8,"minecraft:rail":2,"minecraft:stone":646,"minecraft:flowering_azalea":1,"minecraft:oak_fence":1,"minecraft:crafting_table":8,"minecraft:tall_grass":7,"minecraft:copper_ore":2,"minecraft:diorite":139,"minecraft:spruce_stairs":2,"minecraft:purple_bed":1,"minecraft:sweet_berry_bush":11,"minecraft:white_carpet":2,"minecraft:spruce_log":779,"minecraft:coal_ore":6,"minecraft:gravel":27,"minecraft:gray_carpet":2,"minecraft:cobweb":65,"minecraft:fern":6},"minecraft:killed":{"minecraft:cave_spider":3,"minecraft:spider":10,"minecraft:skeleton":31,"creeperoverhaul:cave_creeper":2,"artifacts:mimic":1,"fromtheshadows:froglin":1,"minecraft:iron_golem":1,"minecraft:creeper":7,"minecraft:pillager":30,"minecraft:zombie":37,"mutantmonsters:mutant_creeper":1,"minecraft:cow":7,"mca:female_zombie_villager":1,"minecraft:vindicator":1,"minecraft:phantom":1,"fromtheshadows:bulldrogioth":1,"minecraft:squid":1,"minecraft:wither_skeleton":10,"minecraft:enderman":1},"minecraft:killed_by":{"minecraft:wither_skeleton":1,"minecraft:pillager":1,"mutantmonsters:mutant_skeleton":1,"minecraft:skeleton":1},"minecraft:custom":{"lootr:looted_stat":57,"minecraft:interact_with_crafting_table":122,"minecraft:bell_ring":105,"minecraft:leave_game":4,"minecraft:time_since_death":16488,"minecraft:sprint_one_cm":1765470,"minecraft:damage_blocked_by_shield":2664,"minecraft:drop":101,"minecraft:play_time":625884,"minecraft:deaths":7,"minecraft:jump":6543,"minecraft:interact_with_brewingstand":1,"minecraft:walk_on_water_one_cm":60110,"minecraft:interact_with_furnace":155,"minecraft:sleep_in_bed":23,"minecraft:damage_dealt":36202,"minecraft:crouch_one_cm":171625,"minecraft:interact_with_smoker":4,"minecraft:interact_with_smithing_table":1,"minecraft:interact_with_anvil":1,"minecraft:mob_kills":147,"minecraft:damage_dealt_resisted":709,"minecraft:climb_one_cm":4349,"minecraft:walk_one_cm":1564803,"minecraft:raid_win":2,"minecraft:sneak_time":55002,"minecraft:walk_under_water_one_cm":24854,"minecraft:interact_with_blast_furnace":5,"minecraft:total_world_time":625884,"minecraft:raid_trigger":1,"minecraft:time_since_rest":4558,"minecraft:damage_taken":12174,"minecraft:damage_absorbed":57,"minecraft:swim_one_cm":17635,"minecraft:fly_one_cm":926954,"minecraft:open_chest":228,"minecraft:fall_one_cm":160883},"minecraft:dropped":{"minecraft:iron_sword":3,"minecraft:baked_potato":5,"securitycraft:door_indestructible_iron_item":1,"minecraft:leather":3,"everlastingabilities:ability_totem":1,"minecraft:item_frame":4,"minecraft:flint":3,"minecraft:emerald":1,"minecraft:dirt":163,"minecraft:bone":18,"minecraft:gravel":96,"minecraft:cobbled_deepslate":133,"minecraft:rotten_flesh":4,"minecraft:oak_planks":21,"minecraft:white_bed":1,"securitycraft:keypad_item":7,"minecraft:gunpowder":7,"minecraft:heavy_weighted_pressure_plate":2,"vanillaplustools:stone_hammer":1,"minecraft:arrow":9,"minecraft:splash_potion":1,"minecraft:wheat_seeds":4,"minecraft:iron_helmet":1,"minecraft:cobblestone":70,"minecraft:spruce_stairs":1,"everlastingabilities:ability_bottle":2,"minecraft:coal":2,"minecraft:stick":20,"artifacts:lucky_scarf":1,"minecraft:diorite":45,"minecraft:potion":1,"minecraft:iron_leggings":1,"minecraft:oak_stairs":4,"minecraft:flowering_azalea":1,"minecraft:cactus":1,"minecraft:chainmail_leggings":1,"minecraft:string":21,"minecraft:tuff":71,"minecraft:iron_boots":1,"minecraft:iron_hoe":1,"minecraft:stripped_acacia_wood":3,"minecraft:potato":128,"minecraft:diamond_chestplate":2,"minecraft:spruce_planks":38,"minecraft:diamond_pickaxe":1,"minecraft:iron_chestplate":1,"minecraft:spruce_log":1,"minecraft:slime_ball":6,"minecraft:bow":1,"minecraft:stone_pickaxe":2,"minecraft:wooden_pickaxe":1,"cwsr:ender_wind":3}},"DataVersion":3465}