{"stats":{"minecraft:killed":{"minecraft:skeleton":4,"minecraft:zombie":5,"minecraft:enderman":1,"minecraft:cow":1},"minecraft:broken":{"minecraft:stone_axe":5,"minecraft:iron_pickaxe":1,"minecraft:wooden_axe":1,"minecraft:stone_shovel":2},"minecraft:used":{"minecraft:stone_sword":20,"minecraft:stone_shovel":265,"minecraft:spruce_slab":108,"minecraft:stone_pickaxe":61,"minecraft:ladder":2,"minecraft:oak_sign":1,"minecraft:shield":4,"minecraft:chest":1,"minecraft:spruce_planks":645,"minecraft:wooden_pickaxe":25,"minecraft:iron_sword":32,"minecraft:rotten_flesh":3,"minecraft:iron_chestplate":1,"minecraft:torch":71,"minecraft:glow_berries":2,"minecraft:dirt":298,"minecraft:white_carpet":2,"minecraft:crafting_table":3,"minecraft:spruce_stairs":170,"minecraft:spruce_log":152,"minecraft:wooden_axe":60,"minecraft:apple":15,"minecraft:bread":16,"minecraft:iron_pickaxe":260,"minecraft:iron_helmet":1,"minecraft:spruce_sapling":12,"minecraft:stone_axe":687,"minecraft:cobblestone":99,"minecraft:purple_bed":1,"minecraft:furnace":3,"minecraft:egg":1,"minecraft:splash_potion":1,"minecraft:bone_meal":11},"minecraft:dropped":{"minecraft:iron_sword":1,"everlastingabilities:ability_totem":1,"everlastingabilities:ability_bottle":1,"minecraft:spruce_stairs":1,"minecraft:stick":19,"vanillaplustools:stone_hammer":1,"minecraft:spruce_log":1,"minecraft:wooden_pickaxe":1,"minecraft:stone_pickaxe":2,"minecraft:cactus":1},"minecraft:crafted":{"minecraft:stone_shovel":2,"minecraft:crafting_table":2,"minecraft:spruce_planks":1056,"minecraft:wooden_pickaxe":1,"minecraft:furnace":3,"minecraft:bone_meal":21,"minecraft:stone_axe":5,"minecraft:air":0,"minecraft:spruce_stairs":168,"minecraft:charcoal":11,"minecraft:shield":1,"minecraft:spruce_slab":306,"minecraft:stick":28,"minecraft:iron_pickaxe":1,"minecraft:stone_pickaxe":1,"minecraft:wooden_axe":1,"minecraft:stone_sword":1,"minecraft:torch":72},"minecraft:mined":{"minecraft:tuff":7,"minecraft:spruce_planks":35,"minecraft:crafting_table":2,"minecraft:torch":2,"minecraft:ladder":2,"minecraft:grass_block":261,"minecraft:chest":1,"minecraft:cobblestone":5,"minecraft:spruce_leaves":34,"minecraft:oak_wall_sign":1,"minecraft:diorite":47,"minecraft:wall_torch":8,"minecraft:large_fern":6,"minecraft:spruce_stairs":2,"minecraft:purple_bed":1,"minecraft:furnace":1,"minecraft:sweet_berry_bush":7,"minecraft:white_carpet":2,"minecraft:spruce_log":492,"minecraft:deepslate_iron_ore":8,"minecraft:oak_log":8,"minecraft:coal_ore":6,"minecraft:dirt":224,"minecraft:stone":244,"minecraft:deepslate":1,"minecraft:spruce_slab":13,"minecraft:fern":5},"minecraft:killed_by":{"minecraft:skeleton":1},"minecraft:picked_up":{"minecraft:crafting_table":2,"minecraft:wheat":2,"minecraft:ladder":2,"minecraft:wooden_pickaxe":1,"minecraft:tuff":7,"minecraft:oak_log":4,"minecraft:dirt":483,"minecraft:string":1,"minecraft:white_carpet":2,"minecraft:bone":7,"minecraft:oak_sign":1,"minecraft:wheat_seeds":16,"minecraft:cobbled_deepslate":9,"minecraft:spruce_planks":35,"minecraft:beef":1,"everlastingabilities:ability_totem":1,"minecraft:stone_pickaxe":2,"minecraft:azalea":1,"minecraft:spruce_slab":15,"minecraft:chest":1,"minecraft:iron_sword":1,"minecraft:furnace":1,"minecraft:egg":2,"minecraft:raw_iron":11,"minecraft:stick":68,"minecraft:sweet_berries":20,"minecraft:torch":14,"minecraft:spruce_stairs":3,"minecraft:spruce_sapling":81,"minecraft:diorite":47,"minecraft:spruce_log":436,"minecraft:arrow":6,"minecraft:purple_bed":1,"minecraft:rotten_flesh":9,"vanillaplustools:stone_hammer":1,"everlastingabilities:ability_bottle":1,"minecraft:glow_berries":2,"minecraft:coal":8,"minecraft:cobblestone":244},"minecraft:custom":{"minecraft:interact_with_smithing_table":1,"minecraft:interact_with_furnace":5,"lootr:looted_stat":10,"minecraft:mob_kills":11,"minecraft:interact_with_crafting_table":21,"minecraft:leave_game":1,"minecraft:time_since_death":129549,"minecraft:sleep_in_bed":11,"minecraft:climb_one_cm":2191,"minecraft:time_since_rest":45178,"minecraft:sprint_one_cm":378718,"minecraft:damage_taken":1142,"minecraft:walk_one_cm":313551,"minecraft:damage_blocked_by_shield":60,"minecraft:drop":11,"minecraft:damage_dealt":2335,"minecraft:swim_one_cm":3647,"minecraft:fly_one_cm":179279,"minecraft:open_chest":16,"minecraft:crouch_one_cm":62978,"minecraft:play_time":169785,"minecraft:sneak_time":19217,"minecraft:deaths":1,"minecraft:walk_under_water_one_cm":18666,"minecraft:interact_with_brewingstand":1,"minecraft:jump":1466,"minecraft:walk_on_water_one_cm":11295,"minecraft:total_world_time":169785,"minecraft:fall_one_cm":27695}},"DataVersion":3465}