{"stats":{"minecraft:killed":{"mca:female_zombie_villager":1,"minecraft:cave_spider":3,"minecraft:spider":3,"minecraft:skeleton":13,"creeperoverhaul:cave_creeper":1,"artifacts:mimic":1,"fromtheshadows:froglin":1,"minecraft:zombie":11,"minecraft:cow":7,"minecraft:enderman":1},"minecraft:broken":{"minecraft:stone_pickaxe":1,"minecraft:stone_axe":5,"minecraft:iron_sword":1,"minecraft:iron_pickaxe":2,"minecraft:wooden_axe":1,"minecraft:stone_shovel":2},"minecraft:used":{"minecraft:stone_sword":20,"minecraft:spruce_slab":108,"minecraft:stone_shovel":265,"minecraft:ladder":2,"minecraft:oak_sign":1,"minecraft:spruce_planks":645,"minecraft:chest":1,"minecraft:shield":22,"minecraft:iron_sword":215,"securitycraft:keypad_door_item":2,"minecraft:rotten_flesh":11,"minecraft:iron_chestplate":1,"minecraft:torch":306,"minecraft:dirt":382,"minecraft:white_carpet":2,"securitycraft:keypad_item":4,"minecraft:spruce_stairs":170,"minecraft:tuff":12,"minecraft:big_dripleaf":1,"minecraft:iron_hoe":80,"minecraft:wooden_axe":60,"minecraft:iron_axe":43,"minecraft:iron_helmet":1,"minecraft:item_frame":6,"minecraft:beef":2,"minecraft:sweet_berries":47,"minecraft:cooked_cod":6,"minecraft:furnace":3,"minecraft:egg":1,"minecraft:potato":67,"minecraft:cooked_beef":1,"minecraft:cobbled_deepslate":87,"croptopia:pear":2,"minecraft:water_bucket":1,"minecraft:diorite":1,"securitycraft:door_indestructible_iron_item":1,"securitycraft:reinforced_spruce_planks":37,"minecraft:stone_pickaxe":131,"minecraft:wooden_pickaxe":25,"minecraft:deepslate_bricks":144,"minecraft:glow_berries":2,"minecraft:crafting_table":8,"securitycraft:universal_block_remover":4,"securitycraft:reinforced_stripped_spruce_log":6,"minecraft:spruce_log":152,"croptopia:plum":3,"minecraft:diamond_pickaxe":264,"minecraft:apple":15,"minecraft:bread":25,"minecraft:iron_pickaxe":502,"minecraft:spruce_sapling":12,"minecraft:stone_axe":687,"minecraft:diamond_sword":14,"minecraft:cobblestone":124,"minecraft:purple_bed":1,"minecraft:bucket":2,"minecraft:glass_pane":20,"minecraft:bone_meal":21,"minecraft:splash_potion":1},"minecraft:dropped":{"minecraft:iron_sword":3,"minecraft:wheat_seeds":4,"minecraft:iron_helmet":1,"minecraft:cobblestone":65,"securitycraft:door_indestructible_iron_item":1,"minecraft:leather":3,"everlastingabilities:ability_totem":1,"minecraft:spruce_stairs":1,"everlastingabilities:ability_bottle":1,"minecraft:item_frame":4,"minecraft:emerald":1,"minecraft:stick":20,"minecraft:flint":2,"artifacts:lucky_scarf":1,"minecraft:diorite":45,"minecraft:iron_leggings":1,"minecraft:flowering_azalea":1,"minecraft:cactus":1,"minecraft:string":21,"minecraft:bone":1,"minecraft:gravel":96,"minecraft:cobbled_deepslate":130,"minecraft:tuff":71,"minecraft:iron_boots":1,"securitycraft:keypad_item":7,"minecraft:heavy_weighted_pressure_plate":2,"minecraft:iron_chestplate":1,"vanillaplustools:stone_hammer":1,"minecraft:slime_ball":6,"minecraft:spruce_log":1,"minecraft:stone_pickaxe":2,"minecraft:bow":1,"minecraft:wooden_pickaxe":1},"minecraft:crafted":{"minecraft:oak_planks":16,"minecraft:raw_iron":63,"minecraft:stone_shovel":2,"minecraft:furnace":3,"minecraft:stone_button":32,"minecraft:stone":32,"securitycraft:keypad_item":4,"minecraft:bone_meal":21,"minecraft:heavy_weighted_pressure_plate":6,"minecraft:glass_pane":32,"securitycraft:laser_block":1,"minecraft:glass":13,"minecraft:spruce_stairs":168,"minecraft:diamond_helmet":1,"minecraft:diamond_leggings":1,"minecraft:polished_deepslate":116,"securitycraft:universal_block_remover":1,"minecraft:iron_hoe":1,"minecraft:spruce_slab":306,"minecraft:stone_pickaxe":1,"minecraft:diamond_boots":1,"minecraft:iron_door":3,"minecraft:redstone_block":1,"securitycraft:keypad_door_item":2,"minecraft:cooked_beef":1,"minecraft:cooked_cod":6,"minecraft:item_frame":4,"minecraft:diamond_sword":1,"minecraft:crafting_table":4,"minecraft:spruce_planks":1084,"minecraft:wooden_pickaxe":1,"minecraft:iron_sword":1,"minecraft:bucket":1,"minecraft:stone_axe":5,"minecraft:air":0,"securitycraft:door_indestructible_iron_item":2,"minecraft:diamond_pickaxe":1,"minecraft:charcoal":11,"minecraft:shield":1,"minecraft:stick":92,"minecraft:iron_ingot":40,"minecraft:iron_pickaxe":1,"minecraft:wooden_axe":1,"minecraft:stone_sword":1,"minecraft:torch":204,"minecraft:deepslate_bricks":116,"securitycraft:universal_block_reinforcer_lvl1":1,"minecraft:shears":1,"minecraft:diamond_chestplate":1},"minecraft:mined":{"minecraft:tuff":30,"minecraft:spruce_planks":72,"minecraft:deepslate_diamond_ore":19,"minecraft:cave_vines_plant":1,"minecraft:ladder":2,"minecraft:grass_block":261,"minecraft:deepslate_bricks":28,"minecraft:spruce_leaves":34,"minecraft:oak_wall_sign":1,"minecraft:large_fern":7,"minecraft:furnace":1,"minecraft:cobbled_deepslate":10,"minecraft:fire":1,"minecraft:stripped_spruce_log":6,"minecraft:potatoes":4,"minecraft:deepslate_iron_ore":8,"minecraft:rail":2,"minecraft:stone":332,"minecraft:spruce_slab":13,"minecraft:deepslate_redstone_ore":2,"minecraft:flowering_azalea":1,"minecraft:smoker":2,"minecraft:oak_fence":1,"minecraft:clay":8,"minecraft:crafting_table":4,"minecraft:torch":20,"minecraft:chest":1,"minecraft:copper_ore":1,"minecraft:tall_grass":6,"minecraft:cobblestone":82,"minecraft:oak_planks":2,"minecraft:diorite":75,"minecraft:wall_torch":15,"minecraft:spruce_stairs":2,"minecraft:purple_bed":1,"minecraft:sweet_berry_bush":11,"minecraft:white_carpet":2,"minecraft:spruce_log":493,"minecraft:grass":4,"minecraft:coal_ore":6,"minecraft:oak_log":8,"minecraft:sand":13,"minecraft:dirt":227,"minecraft:gravel":27,"minecraft:gray_carpet":2,"minecraft:cobweb":65,"minecraft:deepslate":287,"minecraft:fern":6},"minecraft:killed_by":{"minecraft:skeleton":1},"minecraft:picked_up":{"minecraft:crafting_table":4,"minecraft:wheat":2,"securitycraft:keypad_item":13,"minecraft:ladder":2,"minecraft:clay_ball":17,"minecraft:wooden_pickaxe":1,"minecraft:string":76,"minecraft:item_frame":4,"minecraft:white_carpet":2,"croptopia:pear":2,"minecraft:oak_sign":1,"securitycraft:reinforced_spruce_planks":39,"minecraft:cobbled_deepslate":416,"minecraft:spruce_planks":70,"minecraft:beef":17,"minecraft:azalea":1,"minecraft:spruce_slab":15,"minecraft:chest":1,"minecraft:egg":4,"minecraft:furnace":1,"minecraft:stick":71,"minecraft:raw_iron":13,"minecraft:big_dripleaf":1,"minecraft:torch":101,"minecraft:spruce_stairs":3,"minecraft:diorite":109,"minecraft:redstone":11,"artifacts:lucky_scarf":1,"minecraft:arrow":7,"minecraft:rotten_flesh":22,"minecraft:deepslate_bricks":28,"everlastingabilities:ability_bottle":1,"minecraft:glow_berries":2,"minecraft:cobblestone":389,"minecraft:leather":7,"minecraft:smoker":2,"minecraft:potato":21,"minecraft:flint":2,"minecraft:tuff":83,"minecraft:oak_log":4,"minecraft:gunpowder":1,"minecraft:dirt":486,"securitycraft:reinforced_stripped_spruce_log":6,"minecraft:bone":10,"minecraft:gray_carpet":2,"minecraft:bow":2,"minecraft:wheat_seeds":22,"minecraft:stone_pickaxe":2,"everlastingabilities:ability_totem":1,"minecraft:flowering_azalea":1,"minecraft:iron_sword":2,"croptopia:plum":3,"minecraft:sweet_berries":30,"minecraft:sand":13,"minecraft:gravel":96,"minecraft:stripped_spruce_log":6,"minecraft:spruce_sapling":81,"minecraft:spruce_log":437,"minecraft:purple_bed":1,"minecraft:slime_ball":6,"minecraft:diamond":29,"vanillaplustools:stone_hammer":1,"minecraft:emerald":1,"securitycraft:keypad":4,"securitycraft:door_indestructible_iron_item":2,"minecraft:coal":8},"minecraft:custom":{"minecraft:interact_with_smithing_table":1,"lootr:looted_stat":37,"minecraft:mob_kills":42,"minecraft:interact_with_crafting_table":67,"minecraft:damage_dealt_resisted":340,"minecraft:leave_game":2,"minecraft:time_since_death":273186,"minecraft:climb_one_cm":3659,"minecraft:sprint_one_cm":813780,"minecraft:walk_one_cm":572627,"minecraft:damage_blocked_by_shield":525,"minecraft:drop":60,"minecraft:play_time":313422,"minecraft:deaths":1,"minecraft:sneak_time":37838,"minecraft:walk_under_water_one_cm":19332,"minecraft:jump":2912,"minecraft:interact_with_brewingstand":1,"minecraft:walk_on_water_one_cm":18716,"minecraft:total_world_time":313422,"minecraft:interact_with_furnace":34,"minecraft:sleep_in_bed":14,"minecraft:time_since_rest":21443,"minecraft:damage_taken":1789,"minecraft:damage_dealt":8136,"minecraft:swim_one_cm":6767,"minecraft:fly_one_cm":320180,"minecraft:open_chest":51,"minecraft:crouch_one_cm":114803,"minecraft:interact_with_smoker":3,"minecraft:fall_one_cm":44106}},"DataVersion":3465}