{"stats":{"minecraft:broken":{"minecraft:stone_axe":2,"minecraft:wooden_axe":1,"minecraft:stone_shovel":1},"minecraft:used":{"minecraft:stone_sword":20,"minecraft:stone_shovel":237,"minecraft:stone_pickaxe":9,"minecraft:ladder":2,"minecraft:oak_sign":1,"minecraft:chest":1,"minecraft:spruce_planks":527,"minecraft:wooden_pickaxe":25,"minecraft:iron_sword":1,"minecraft:iron_chestplate":1,"minecraft:dirt":170,"minecraft:white_carpet":2,"minecraft:crafting_table":2,"minecraft:spruce_log":152,"minecraft:wooden_axe":60,"minecraft:apple":2,"minecraft:bread":13,"minecraft:iron_helmet":1,"minecraft:spruce_sapling":4,"minecraft:stone_axe":410,"minecraft:cobblestone":5,"minecraft:purple_bed":1,"minecraft:egg":1,"minecraft:splash_potion":1,"minecraft:bone_meal":3},"minecraft:picked_up":{"minecraft:crafting_table":1,"minecraft:wheat":2,"minecraft:ladder":2,"minecraft:wooden_pickaxe":1,"minecraft:oak_log":4,"minecraft:string":1,"minecraft:dirt":317,"minecraft:white_carpet":2,"minecraft:bone":5,"minecraft:oak_sign":1,"minecraft:wheat_seeds":16,"minecraft:spruce_planks":32,"minecraft:beef":1,"everlastingabilities:ability_totem":1,"minecraft:stone_pickaxe":2,"minecraft:azalea":1,"minecraft:chest":1,"minecraft:iron_sword":1,"minecraft:egg":2,"minecraft:stick":46,"minecraft:sweet_berries":20,"minecraft:spruce_sapling":72,"minecraft:spruce_log":306,"minecraft:purple_bed":1,"minecraft:arrow":4,"minecraft:rotten_flesh":3,"vanillaplustools:stone_hammer":1,"everlastingabilities:ability_bottle":1,"minecraft:coal":8,"minecraft:cobblestone":23},"minecraft:crafted":{"minecraft:stone_shovel":2,"minecraft:crafting_table":1,"minecraft:spruce_planks":640,"minecraft:wooden_pickaxe":1,"minecraft:bone_meal":15,"minecraft:stone_axe":3,"minecraft:stick":12,"minecraft:stone_pickaxe":1,"minecraft:wooden_axe":1,"minecraft:stone_sword":1},"minecraft:mined":{"minecraft:spruce_planks":33,"minecraft:crafting_table":1,"minecraft:ladder":2,"minecraft:grass_block":257,"minecraft:chest":1,"minecraft:spruce_leaves":34,"minecraft:oak_wall_sign":1,"minecraft:large_fern":6,"minecraft:purple_bed":1,"minecraft:sweet_berry_bush":7,"minecraft:white_carpet":2,"minecraft:spruce_log":362,"minecraft:oak_log":8,"minecraft:coal_ore":6,"minecraft:dirt":67,"minecraft:stone":23,"minecraft:fern":5},"minecraft:killed":{"minecraft:skeleton":3,"minecraft:cow":1},"minecraft:killed_by":{"minecraft:skeleton":1},"minecraft:custom":{"minecraft:interact_with_smithing_table":1,"lootr:looted_stat":10,"minecraft:mob_kills":4,"minecraft:interact_with_crafting_table":6,"minecraft:leave_game":1,"minecraft:time_since_death":58507,"minecraft:sleep_in_bed":9,"minecraft:climb_one_cm":1787,"minecraft:time_since_rest":2905,"minecraft:sprint_one_cm":222736,"minecraft:damage_taken":848,"minecraft:walk_one_cm":169265,"minecraft:drop":7,"minecraft:damage_dealt":691,"minecraft:swim_one_cm":3647,"minecraft:fly_one_cm":112091,"minecraft:open_chest":9,"minecraft:crouch_one_cm":31181,"minecraft:play_time":98743,"minecraft:deaths":1,"minecraft:sneak_time":8943,"minecraft:walk_under_water_one_cm":18666,"minecraft:jump":798,"minecraft:interact_with_brewingstand":1,"minecraft:walk_on_water_one_cm":10287,"minecraft:total_world_time":98743,"minecraft:fall_one_cm":15900},"minecraft:dropped":{"minecraft:iron_sword":1,"vanillaplustools:stone_hammer":1,"minecraft:spruce_log":1,"minecraft:stone_pickaxe":2,"minecraft:wooden_pickaxe":1,"minecraft:cactus":1}},"DataVersion":3465}