{"stats":{"minecraft:dropped":{"minecraft:iron_sword":3,"minecraft:wheat_seeds":4,"minecraft:baked_potato":5,"minecraft:iron_helmet":1,"minecraft:cobblestone":70,"securitycraft:door_indestructible_iron_item":1,"minecraft:leather":3,"everlastingabilities:ability_totem":1,"minecraft:spruce_stairs":1,"everlastingabilities:ability_bottle":2,"minecraft:coal":2,"minecraft:flint":3,"minecraft:emerald":1,"minecraft:stick":20,"minecraft:item_frame":4,"minecraft:dirt":163,"artifacts:lucky_scarf":1,"minecraft:diorite":45,"minecraft:oak_stairs":4,"minecraft:potion":1,"minecraft:iron_leggings":1,"minecraft:flowering_azalea":1,"minecraft:cactus":1,"minecraft:chainmail_leggings":1,"minecraft:string":21,"minecraft:bone":18,"minecraft:gravel":96,"minecraft:cobbled_deepslate":133,"minecraft:tuff":71,"minecraft:rotten_flesh":4,"minecraft:oak_planks":21,"minecraft:iron_hoe":1,"minecraft:iron_boots":1,"minecraft:stripped_acacia_wood":3,"securitycraft:keypad_item":7,"minecraft:potato":128,"minecraft:gunpowder":7,"minecraft:diamond_chestplate":2,"minecraft:heavy_weighted_pressure_plate":2,"minecraft:spruce_planks":38,"minecraft:iron_chestplate":1,"vanillaplustools:stone_hammer":1,"minecraft:arrow":9,"minecraft:spruce_log":1,"minecraft:slime_ball":6,"minecraft:wooden_pickaxe":1,"minecraft:bow":1,"minecraft:stone_pickaxe":2,"minecraft:splash_potion":1,"cwsr:ender_wind":3},"minecraft:custom":{"minecraft:interact_with_smithing_table":1,"lootr:looted_stat":52,"minecraft:mob_kills":96,"minecraft:interact_with_crafting_table":88,"minecraft:damage_dealt_resisted":340,"minecraft:leave_game":2,"minecraft:time_since_death":24266,"minecraft:climb_one_cm":4349,"minecraft:sprint_one_cm":1071706,"minecraft:walk_one_cm":905714,"minecraft:damage_blocked_by_shield":1165,"minecraft:drop":99,"minecraft:play_time":429708,"minecraft:sneak_time":46972,"minecraft:deaths":5,"minecraft:walk_under_water_one_cm":22683,"minecraft:interact_with_brewingstand":1,"minecraft:jump":4234,"minecraft:walk_on_water_one_cm":30293,"minecraft:total_world_time":429708,"minecraft:interact_with_furnace":46,"minecraft:sleep_in_bed":18,"minecraft:time_since_rest":20485,"minecraft:damage_absorbed":57,"minecraft:damage_taken":10578,"minecraft:damage_dealt":21245,"minecraft:swim_one_cm":14068,"minecraft:fly_one_cm":459372,"minecraft:open_chest":97,"minecraft:crouch_one_cm":144047,"minecraft:interact_with_smoker":3,"minecraft:fall_one_cm":138290},"minecraft:used":{"minecraft:moss_block":1,"minecraft:moss_carpet":1,"minecraft:stone_sword":20,"minecraft:iron_shovel":250,"minecraft:spruce_slab":117,"minecraft:stone_shovel":265,"minecraft:ladder":2,"minecraft:oak_sign":1,"minecraft:chest":18,"minecraft:spruce_planks":645,"minecraft:shield":44,"minecraft:iron_sword":215,"securitycraft:keypad_door_item":2,"minecraft:rotten_flesh":11,"minecraft:iron_chestplate":1,"minecraft:torch":336,"minecraft:dirt":437,"minecraft:white_carpet":2,"minecraft:spruce_stairs":172,"securitycraft:keypad_item":4,"minecraft:carrot":6,"minecraft:tuff":52,"minecraft:granite":1,"minecraft:big_dripleaf":1,"minecraft:iron_hoe":80,"minecraft:wooden_axe":60,"minecraft:iron_axe":129,"minecraft:iron_helmet":1,"minecraft:totem_of_undying":1,"minecraft:smooth_basalt":3,"minecraft:item_frame":6,"minecraft:golden_carrot":2,"minecraft:bow":3,"minecraft:beef":3,"minecraft:sweet_berries":47,"minecraft:cooked_cod":6,"minecraft:furnace":5,"minecraft:egg":1,"cwsr:ender_wind":2,"minecraft:potato":186,"minecraft:cooked_beef":12,"minecraft:cobbled_deepslate":101,"croptopia:pear":2,"minecraft:water_bucket":1,"minecraft:diorite":25,"securitycraft:door_indestructible_iron_item":1,"securitycraft:reinforced_spruce_planks":39,"minecraft:stone_pickaxe":131,"minecraft:wooden_pickaxe":25,"minecraft:clay":3,"minecraft:deepslate_bricks":522,"minecraft:golden_apple":2,"minecraft:glow_berries":2,"minecraft:crafting_table":8,"securitycraft:universal_block_remover":4,"minecraft:spruce_log":152,"securitycraft:reinforced_stripped_spruce_log":6,"croptopia:plum":3,"minecraft:diamond_pickaxe":806,"minecraft:apple":15,"minecraft:iron_pickaxe":502,"minecraft:bread":25,"minecraft:spruce_trapdoor":2,"minecraft:spruce_sapling":16,"minecraft:potion":4,"minecraft:stone_axe":687,"minecraft:diamond_sword":181,"minecraft:purple_bed":1,"minecraft:cobblestone":181,"minecraft:bucket":2,"minecraft:glass_pane":20,"minecraft:splash_potion":2,"minecraft:bone_meal":23},"minecraft:crafted":{"minecraft:oak_planks":16,"minecraft:raw_iron":63,"minecraft:stone_shovel":2,"minecraft:furnace":4,"minecraft:stone_button":32,"minecraft:stone":32,"minecraft:bone_meal":51,"securitycraft:keypad_item":4,"minecraft:heavy_weighted_pressure_plate":6,"minecraft:glass_pane":32,"securitycraft:laser_block":3,"minecraft:glass":16,"minecraft:spruce_stairs":168,"minecraft:bow":1,"minecraft:diamond_helmet":1,"minecraft:diamond_leggings":1,"minecraft:polished_deepslate":536,"minecraft:iron_hoe":1,"securitycraft:universal_block_remover":1,"minecraft:spruce_slab":306,"minecraft:stone_pickaxe":1,"minecraft:chest":15,"minecraft:diamond_boots":1,"minecraft:iron_door":3,"minecraft:redstone_block":3,"securitycraft:keypad_door_item":2,"minecraft:cooked_beef":9,"minecraft:cooked_cod":6,"minecraft:item_frame":4,"minecraft:diamond_sword":1,"minecraft:crafting_table":4,"minecraft:spruce_planks":1208,"minecraft:baked_potato":5,"minecraft:wooden_pickaxe":1,"minecraft:iron_sword":1,"minecraft:bucket":1,"minecraft:stone_axe":5,"minecraft:air":0,"minecraft:spruce_trapdoor":2,"securitycraft:door_indestructible_iron_item":2,"minecraft:charcoal":11,"minecraft:diamond_pickaxe":1,"minecraft:shield":1,"minecraft:stick":92,"minecraft:iron_ingot":40,"minecraft:iron_pickaxe":1,"minecraft:wooden_axe":1,"minecraft:stone_sword":1,"minecraft:iron_shovel":1,"minecraft:torch":204,"minecraft:deepslate_bricks":536,"minecraft:clay":3,"minecraft:shears":1,"minecraft:diamond_chestplate":1,"securitycraft:universal_block_reinforcer_lvl1":2},"minecraft:picked_up":{"cwsr:thunder_essence":3,"minecraft:charcoal":2,"minecraft:crafting_table":6,"minecraft:wheat":6,"securitycraft:keypad_item":13,"minecraft:ladder":2,"minecraft:clay_ball":29,"minecraft:diamond_sword":1,"minecraft:wooden_pickaxe":2,"minecraft:oak_stairs":4,"cwsr:ender_wind":3,"minecraft:moss_carpet":1,"minecraft:string":76,"minecraft:item_frame":4,"minecraft:white_carpet":2,"croptopia:pear":2,"minecraft:oak_sign":1,"cwsr:ender_essence":1,"minecraft:cobbled_deepslate":534,"minecraft:spruce_planks":109,"securitycraft:reinforced_spruce_planks":39,"minecraft:beef":22,"minecraft:azalea":2,"minecraft:spruce_slab":47,"minecraft:chest":4,"minecraft:furnace":4,"minecraft:egg":4,"minecraft:stick":78,"minecraft:raw_iron":77,"minecraft:big_dripleaf":1,"minecraft:torch":130,"minecraft:spruce_stairs":5,"minecraft:diorite":223,"minecraft:redstone":184,"minecraft:stone_sword":1,"minecraft:arrow":43,"artifacts:lucky_scarf":1,"minecraft:rotten_flesh":36,"minecraft:deepslate_bricks":40,"everlastingabilities:ability_bottle":2,"minecraft:totem_of_undying":2,"minecraft:glow_berries":2,"minecraft:cobblestone":603,"minecraft:cooked_beef":5,"minecraft:iron_door":1,"minecraft:leather":7,"minecraft:smoker":2,"cwsr:earth_essence":1,"minecraft:potato":258,"minecraft:filled_map":1,"minecraft:flint":3,"minecraft:tuff":123,"minecraft:oak_log":4,"minecraft:chainmail_chestplate":1,"immersive_aircraft:gyrodyne":1,"minecraft:gunpowder":9,"mca:book_romance":1,"minecraft:paper":2,"minecraft:lapis_lazuli":51,"minecraft:dirt":945,"securitycraft:reinforced_stripped_spruce_log":6,"cwsr:beast_essence":3,"minecraft:bone":39,"minecraft:gray_carpet":2,"minecraft:bow":4,"minecraft:wheat_seeds":40,"everlastingabilities:ability_totem":3,"minecraft:stone_pickaxe":2,"minecraft:oak_planks":21,"minecraft:moss_block":1,"minecraft:iron_sword":2,"minecraft:flowering_azalea":1,"minecraft:smooth_basalt":3,"croptopia:plum":3,"minecraft:sweet_berries":30,"minecraft:stripped_acacia_wood":3,"minecraft:gravel":96,"minecraft:sand":16,"minecraft:stripped_spruce_log":6,"minecraft:spruce_sapling":160,"minecraft:spruce_log":518,"minecraft:iron_hoe":1,"cwsr:light_essence":3,"minecraft:purple_bed":1,"minecraft:slime_ball":6,"minecraft:diamond":40,"minecraft:chainmail_leggings":1,"minecraft:iron_helmet":1,"minecraft:granite":1,"vanillaplustools:stone_hammer":1,"minecraft:chainmail_helmet":1,"minecraft:emerald":5,"securitycraft:keypad":4,"securitycraft:door_indestructible_iron_item":2,"minecraft:coal":10},"minecraft:mined":{"minecraft:tuff":71,"minecraft:spruce_planks":74,"minecraft:deepslate_diamond_ore":28,"minecraft:granite":1,"minecraft:cave_vines_plant":1,"minecraft:ladder":2,"minecraft:grass_block":261,"minecraft:deepslate_bricks":40,"minecraft:spruce_leaves":34,"minecraft:moss_block":1,"minecraft:oak_wall_sign":1,"minecraft:large_fern":7,"minecraft:redstone_ore":1,"minecraft:furnace":4,"minecraft:cobbled_deepslate":10,"minecraft:fire":1,"minecraft:stripped_spruce_log":6,"minecraft:deepslate_lapis_ore":2,"minecraft:cave_vines":1,"minecraft:potatoes":30,"minecraft:deepslate_iron_ore":8,"minecraft:rail":2,"minecraft:stone":544,"minecraft:spruce_slab":13,"minecraft:deepslate_redstone_ore":36,"minecraft:flowering_azalea":1,"minecraft:smoker":2,"minecraft:oak_fence":1,"minecraft:clay":11,"minecraft:crafting_table":6,"minecraft:torch":20,"minecraft:chest":4,"minecraft:copper_ore":1,"minecraft:tall_grass":7,"minecraft:cobblestone":91,"minecraft:oak_planks":2,"minecraft:diorite":126,"minecraft:wall_torch":25,"minecraft:spruce_stairs":2,"minecraft:purple_bed":1,"minecraft:sweet_berry_bush":11,"minecraft:spruce_log":576,"minecraft:white_carpet":2,"minecraft:light_gray_wool":1,"minecraft:grass":6,"minecraft:oak_log":8,"minecraft:coal_ore":6,"minecraft:sand":16,"minecraft:gravel":27,"minecraft:dirt":573,"minecraft:gray_carpet":2,"minecraft:cobweb":65,"minecraft:smooth_basalt":3,"minecraft:deepslate":402,"minecraft:fern":6},"minecraft:killed":{"mca:female_zombie_villager":1,"minecraft:cave_spider":3,"minecraft:spider":6,"minecraft:phantom":1,"minecraft:skeleton":26,"creeperoverhaul:cave_creeper":2,"artifacts:mimic":1,"fromtheshadows:froglin":1,"minecraft:iron_golem":1,"minecraft:creeper":7,"minecraft:zombie":29,"minecraft:wither_skeleton":10,"minecraft:cow":7,"minecraft:enderman":1},"minecraft:broken":{"minecraft:iron_shovel":1,"minecraft:stone_pickaxe":1,"minecraft:stone_axe":5,"minecraft:iron_sword":1,"minecraft:iron_pickaxe":2,"minecraft:wooden_axe":1,"securitycraft:universal_block_reinforcer_lvl1":2,"minecraft:stone_shovel":2},"minecraft:killed_by":{"minecraft:wither_skeleton":1,"minecraft:skeleton":1}},"DataVersion":3465}