{"stats":{"minecraft:killed":{"mca:female_zombie_villager":1,"minecraft:cave_spider":3,"minecraft:spider":3,"minecraft:skeleton":13,"creeperoverhaul:cave_creeper":1,"artifacts:mimic":1,"fromtheshadows:froglin":1,"minecraft:zombie":11,"minecraft:cow":1,"minecraft:enderman":1},"minecraft:broken":{"minecraft:stone_pickaxe":1,"minecraft:stone_axe":5,"minecraft:iron_sword":1,"minecraft:iron_pickaxe":2,"minecraft:wooden_axe":1,"minecraft:stone_shovel":2},"minecraft:used":{"minecraft:stone_sword":20,"minecraft:spruce_slab":108,"minecraft:stone_shovel":265,"minecraft:ladder":2,"minecraft:oak_sign":1,"minecraft:spruce_planks":645,"minecraft:chest":1,"minecraft:shield":22,"minecraft:iron_sword":215,"minecraft:rotten_flesh":10,"minecraft:iron_chestplate":1,"minecraft:torch":285,"minecraft:dirt":298,"minecraft:white_carpet":2,"minecraft:spruce_stairs":170,"minecraft:tuff":12,"minecraft:big_dripleaf":1,"minecraft:wooden_axe":60,"minecraft:iron_helmet":1,"minecraft:cooked_cod":6,"minecraft:furnace":3,"minecraft:egg":1,"minecraft:cooked_beef":1,"minecraft:cobbled_deepslate":87,"minecraft:diorite":1,"minecraft:stone_pickaxe":131,"minecraft:wooden_pickaxe":25,"minecraft:deepslate_bricks":118,"minecraft:glow_berries":2,"minecraft:crafting_table":6,"minecraft:spruce_log":152,"minecraft:diamond_pickaxe":186,"minecraft:apple":15,"minecraft:bread":25,"minecraft:iron_pickaxe":502,"minecraft:spruce_sapling":12,"minecraft:stone_axe":687,"minecraft:cobblestone":117,"minecraft:purple_bed":1,"minecraft:bone_meal":11,"minecraft:splash_potion":1},"minecraft:dropped":{"minecraft:iron_sword":3,"minecraft:wheat_seeds":4,"minecraft:iron_helmet":1,"minecraft:cobblestone":65,"everlastingabilities:ability_totem":1,"minecraft:spruce_stairs":1,"everlastingabilities:ability_bottle":1,"minecraft:emerald":1,"minecraft:stick":20,"minecraft:flint":2,"artifacts:lucky_scarf":1,"minecraft:diorite":30,"minecraft:iron_leggings":1,"minecraft:flowering_azalea":1,"minecraft:cactus":1,"minecraft:string":21,"minecraft:bone":1,"minecraft:gravel":96,"minecraft:cobbled_deepslate":130,"minecraft:tuff":71,"minecraft:iron_boots":1,"minecraft:iron_chestplate":1,"vanillaplustools:stone_hammer":1,"minecraft:slime_ball":6,"minecraft:spruce_log":1,"minecraft:stone_pickaxe":2,"minecraft:bow":1,"minecraft:wooden_pickaxe":1},"minecraft:crafted":{"minecraft:raw_iron":63,"minecraft:stone_shovel":2,"minecraft:furnace":3,"minecraft:bone_meal":21,"minecraft:spruce_stairs":168,"minecraft:diamond_helmet":1,"minecraft:diamond_leggings":1,"minecraft:polished_deepslate":116,"minecraft:spruce_slab":306,"minecraft:stone_pickaxe":1,"minecraft:diamond_boots":1,"minecraft:cooked_beef":1,"minecraft:cooked_cod":6,"minecraft:diamond_sword":1,"minecraft:crafting_table":3,"minecraft:spruce_planks":1076,"minecraft:wooden_pickaxe":1,"minecraft:iron_sword":1,"minecraft:stone_axe":5,"minecraft:air":0,"minecraft:diamond_pickaxe":1,"minecraft:charcoal":11,"minecraft:shield":1,"minecraft:stick":60,"minecraft:iron_pickaxe":1,"minecraft:wooden_axe":1,"minecraft:stone_sword":1,"minecraft:torch":204,"minecraft:deepslate_bricks":116,"minecraft:diamond_chestplate":1},"minecraft:mined":{"minecraft:tuff":30,"minecraft:spruce_planks":35,"minecraft:deepslate_diamond_ore":19,"minecraft:cave_vines_plant":1,"minecraft:ladder":2,"minecraft:grass_block":261,"minecraft:deepslate_bricks":14,"minecraft:spruce_leaves":34,"minecraft:oak_wall_sign":1,"minecraft:large_fern":6,"minecraft:furnace":1,"minecraft:cobbled_deepslate":10,"minecraft:fire":1,"minecraft:deepslate_iron_ore":8,"minecraft:rail":2,"minecraft:stone":300,"minecraft:spruce_slab":13,"minecraft:flowering_azalea":1,"minecraft:smoker":2,"minecraft:oak_fence":1,"minecraft:clay":8,"minecraft:crafting_table":4,"minecraft:torch":19,"minecraft:chest":1,"minecraft:copper_ore":1,"minecraft:tall_grass":5,"minecraft:cobblestone":55,"minecraft:oak_planks":2,"minecraft:diorite":74,"minecraft:wall_torch":10,"minecraft:spruce_stairs":2,"minecraft:purple_bed":1,"minecraft:sweet_berry_bush":7,"minecraft:white_carpet":2,"minecraft:spruce_log":492,"minecraft:grass":4,"minecraft:coal_ore":6,"minecraft:oak_log":8,"minecraft:dirt":224,"minecraft:gravel":27,"minecraft:cobweb":65,"minecraft:deepslate":287,"minecraft:fern":5},"minecraft:killed_by":{"minecraft:skeleton":1},"minecraft:picked_up":{"minecraft:crafting_table":4,"minecraft:wheat":2,"minecraft:ladder":2,"minecraft:clay_ball":17,"minecraft:wooden_pickaxe":1,"minecraft:string":76,"minecraft:white_carpet":2,"minecraft:oak_sign":1,"minecraft:cobbled_deepslate":416,"minecraft:spruce_planks":35,"minecraft:beef":1,"minecraft:azalea":1,"minecraft:spruce_slab":15,"minecraft:chest":1,"minecraft:egg":2,"minecraft:furnace":1,"minecraft:stick":71,"minecraft:raw_iron":13,"minecraft:big_dripleaf":1,"minecraft:torch":93,"minecraft:spruce_stairs":3,"minecraft:diorite":78,"artifacts:lucky_scarf":1,"minecraft:arrow":7,"minecraft:rotten_flesh":22,"minecraft:deepslate_bricks":13,"everlastingabilities:ability_bottle":1,"minecraft:glow_berries":2,"minecraft:cobblestone":341,"minecraft:smoker":2,"minecraft:flint":2,"minecraft:tuff":83,"minecraft:oak_log":4,"minecraft:gunpowder":1,"minecraft:dirt":483,"minecraft:bone":10,"minecraft:bow":2,"minecraft:wheat_seeds":20,"minecraft:stone_pickaxe":2,"everlastingabilities:ability_totem":1,"minecraft:flowering_azalea":1,"minecraft:iron_sword":2,"minecraft:sweet_berries":20,"minecraft:gravel":96,"minecraft:spruce_sapling":81,"minecraft:spruce_log":436,"minecraft:purple_bed":1,"minecraft:slime_ball":6,"minecraft:diamond":29,"vanillaplustools:stone_hammer":1,"minecraft:emerald":1,"minecraft:coal":8},"minecraft:custom":{"minecraft:interact_with_smithing_table":1,"lootr:looted_stat":35,"minecraft:mob_kills":36,"minecraft:interact_with_crafting_table":28,"minecraft:damage_dealt_resisted":340,"minecraft:leave_game":1,"minecraft:time_since_death":213549,"minecraft:climb_one_cm":3659,"minecraft:sprint_one_cm":631693,"minecraft:walk_one_cm":449354,"minecraft:damage_blocked_by_shield":525,"minecraft:drop":45,"minecraft:play_time":253785,"minecraft:deaths":1,"minecraft:sneak_time":34348,"minecraft:walk_under_water_one_cm":18829,"minecraft:jump":2296,"minecraft:interact_with_brewingstand":1,"minecraft:walk_on_water_one_cm":15173,"minecraft:total_world_time":253785,"minecraft:interact_with_furnace":6,"minecraft:sleep_in_bed":11,"minecraft:time_since_rest":129178,"minecraft:damage_taken":1759,"minecraft:damage_dealt":7536,"minecraft:swim_one_cm":4562,"minecraft:fly_one_cm":236709,"minecraft:open_chest":22,"minecraft:crouch_one_cm":101773,"minecraft:interact_with_smoker":3,"minecraft:fall_one_cm":36733}},"DataVersion":3465}