{"stats":{"minecraft:dropped":{"minecraft:iron_sword":3,"minecraft:wheat_seeds":4,"minecraft:iron_helmet":1,"minecraft:cobblestone":70,"securitycraft:door_indestructible_iron_item":1,"minecraft:leather":3,"everlastingabilities:ability_totem":1,"minecraft:spruce_stairs":1,"everlastingabilities:ability_bottle":2,"minecraft:flint":3,"minecraft:emerald":1,"minecraft:stick":20,"minecraft:item_frame":4,"minecraft:dirt":163,"artifacts:lucky_scarf":1,"minecraft:diorite":45,"minecraft:iron_leggings":1,"minecraft:flowering_azalea":1,"minecraft:cactus":1,"minecraft:string":21,"minecraft:bone":1,"minecraft:gravel":96,"minecraft:cobbled_deepslate":133,"minecraft:tuff":71,"minecraft:iron_hoe":1,"minecraft:iron_boots":1,"securitycraft:keypad_item":7,"minecraft:gunpowder":1,"minecraft:heavy_weighted_pressure_plate":2,"minecraft:iron_chestplate":1,"vanillaplustools:stone_hammer":1,"minecraft:arrow":9,"minecraft:spruce_log":1,"minecraft:slime_ball":6,"minecraft:wooden_pickaxe":1,"minecraft:bow":1,"minecraft:stone_pickaxe":2},"minecraft:custom":{"minecraft:interact_with_smithing_table":1,"lootr:looted_stat":38,"minecraft:mob_kills":60,"minecraft:interact_with_crafting_table":81,"minecraft:damage_dealt_resisted":340,"minecraft:leave_game":2,"minecraft:time_since_death":341472,"minecraft:climb_one_cm":4349,"minecraft:sprint_one_cm":948590,"minecraft:walk_one_cm":785603,"minecraft:damage_blocked_by_shield":835,"minecraft:drop":71,"minecraft:play_time":381708,"minecraft:sneak_time":44499,"minecraft:deaths":1,"minecraft:walk_under_water_one_cm":22683,"minecraft:interact_with_brewingstand":1,"minecraft:jump":3791,"minecraft:walk_on_water_one_cm":30130,"minecraft:total_world_time":381708,"minecraft:interact_with_furnace":43,"minecraft:sleep_in_bed":15,"minecraft:time_since_rest":2789,"minecraft:damage_taken":2175,"minecraft:damage_dealt":12633,"minecraft:swim_one_cm":14068,"minecraft:fly_one_cm":392922,"minecraft:open_chest":68,"minecraft:crouch_one_cm":135776,"minecraft:interact_with_smoker":3,"minecraft:fall_one_cm":54529},"minecraft:used":{"minecraft:moss_block":1,"minecraft:moss_carpet":1,"minecraft:stone_sword":20,"minecraft:iron_shovel":250,"minecraft:spruce_slab":117,"minecraft:stone_shovel":265,"minecraft:ladder":2,"minecraft:oak_sign":1,"minecraft:chest":2,"minecraft:spruce_planks":645,"minecraft:shield":26,"minecraft:iron_sword":215,"securitycraft:keypad_door_item":2,"minecraft:rotten_flesh":11,"minecraft:iron_chestplate":1,"minecraft:torch":336,"minecraft:dirt":437,"minecraft:white_carpet":2,"minecraft:spruce_stairs":170,"securitycraft:keypad_item":4,"minecraft:tuff":52,"minecraft:granite":1,"minecraft:big_dripleaf":1,"minecraft:iron_hoe":80,"minecraft:wooden_axe":60,"minecraft:iron_axe":47,"minecraft:iron_helmet":1,"minecraft:smooth_basalt":3,"minecraft:item_frame":6,"minecraft:beef":3,"minecraft:sweet_berries":47,"minecraft:cooked_cod":6,"minecraft:furnace":5,"minecraft:egg":1,"minecraft:potato":67,"minecraft:cooked_beef":12,"minecraft:cobbled_deepslate":101,"croptopia:pear":2,"minecraft:water_bucket":1,"minecraft:diorite":25,"securitycraft:door_indestructible_iron_item":1,"securitycraft:reinforced_spruce_planks":39,"minecraft:stone_pickaxe":131,"minecraft:wooden_pickaxe":25,"minecraft:clay":3,"minecraft:deepslate_bricks":522,"minecraft:glow_berries":2,"minecraft:crafting_table":8,"securitycraft:universal_block_remover":4,"minecraft:spruce_log":152,"securitycraft:reinforced_stripped_spruce_log":6,"croptopia:plum":3,"minecraft:diamond_pickaxe":806,"minecraft:apple":15,"minecraft:iron_pickaxe":502,"minecraft:bread":25,"minecraft:spruce_sapling":16,"minecraft:stone_axe":687,"minecraft:diamond_sword":73,"minecraft:purple_bed":1,"minecraft:cobblestone":124,"minecraft:bucket":2,"minecraft:glass_pane":20,"minecraft:splash_potion":1,"minecraft:bone_meal":21},"minecraft:crafted":{"minecraft:oak_planks":16,"minecraft:raw_iron":63,"minecraft:stone_shovel":2,"minecraft:furnace":4,"minecraft:stone_button":32,"minecraft:stone":32,"minecraft:bone_meal":21,"securitycraft:keypad_item":4,"minecraft:heavy_weighted_pressure_plate":6,"minecraft:glass_pane":32,"securitycraft:laser_block":3,"minecraft:glass":16,"minecraft:spruce_stairs":168,"minecraft:diamond_helmet":1,"minecraft:diamond_leggings":1,"minecraft:polished_deepslate":536,"minecraft:iron_hoe":1,"securitycraft:universal_block_remover":1,"minecraft:spruce_slab":306,"minecraft:stone_pickaxe":1,"minecraft:chest":1,"minecraft:diamond_boots":1,"minecraft:iron_door":3,"minecraft:redstone_block":3,"securitycraft:keypad_door_item":2,"minecraft:cooked_beef":9,"minecraft:cooked_cod":6,"minecraft:item_frame":4,"minecraft:diamond_sword":1,"minecraft:crafting_table":4,"minecraft:spruce_planks":1092,"minecraft:wooden_pickaxe":1,"minecraft:iron_sword":1,"minecraft:bucket":1,"minecraft:stone_axe":5,"minecraft:air":0,"securitycraft:door_indestructible_iron_item":2,"minecraft:charcoal":11,"minecraft:diamond_pickaxe":1,"minecraft:shield":1,"minecraft:stick":92,"minecraft:iron_ingot":40,"minecraft:iron_pickaxe":1,"minecraft:wooden_axe":1,"minecraft:stone_sword":1,"minecraft:iron_shovel":1,"minecraft:torch":204,"minecraft:deepslate_bricks":536,"minecraft:clay":3,"minecraft:shears":1,"minecraft:diamond_chestplate":1,"securitycraft:universal_block_reinforcer_lvl1":2},"minecraft:picked_up":{"minecraft:charcoal":2,"minecraft:crafting_table":6,"minecraft:wheat":2,"securitycraft:keypad_item":13,"minecraft:ladder":2,"minecraft:clay_ball":29,"minecraft:wooden_pickaxe":1,"minecraft:moss_carpet":1,"minecraft:string":76,"minecraft:item_frame":4,"minecraft:white_carpet":2,"croptopia:pear":2,"minecraft:oak_sign":1,"minecraft:cobbled_deepslate":534,"minecraft:spruce_planks":71,"securitycraft:reinforced_spruce_planks":39,"minecraft:beef":22,"minecraft:azalea":1,"minecraft:spruce_slab":47,"minecraft:chest":1,"minecraft:furnace":4,"minecraft:egg":4,"minecraft:stick":71,"minecraft:raw_iron":13,"minecraft:big_dripleaf":1,"minecraft:torch":130,"minecraft:spruce_stairs":3,"minecraft:diorite":160,"minecraft:redstone":184,"minecraft:arrow":25,"artifacts:lucky_scarf":1,"minecraft:rotten_flesh":28,"minecraft:deepslate_bricks":40,"everlastingabilities:ability_bottle":2,"minecraft:totem_of_undying":1,"minecraft:glow_berries":2,"minecraft:cobblestone":603,"minecraft:cooked_beef":5,"minecraft:leather":7,"minecraft:smoker":2,"minecraft:potato":194,"minecraft:flint":3,"minecraft:tuff":123,"minecraft:oak_log":4,"minecraft:chainmail_chestplate":1,"minecraft:gunpowder":3,"minecraft:lapis_lazuli":21,"minecraft:dirt":945,"securitycraft:reinforced_stripped_spruce_log":6,"minecraft:bone":20,"minecraft:gray_carpet":2,"minecraft:bow":3,"minecraft:wheat_seeds":22,"everlastingabilities:ability_totem":2,"minecraft:stone_pickaxe":2,"minecraft:moss_block":1,"minecraft:iron_sword":2,"minecraft:flowering_azalea":1,"minecraft:smooth_basalt":3,"croptopia:plum":3,"minecraft:sweet_berries":30,"minecraft:gravel":96,"minecraft:sand":16,"minecraft:stripped_spruce_log":6,"minecraft:spruce_sapling":81,"minecraft:spruce_log":439,"minecraft:iron_hoe":1,"minecraft:purple_bed":1,"minecraft:slime_ball":6,"minecraft:diamond":40,"minecraft:iron_helmet":1,"minecraft:granite":1,"vanillaplustools:stone_hammer":1,"minecraft:emerald":1,"securitycraft:keypad":4,"securitycraft:door_indestructible_iron_item":2,"minecraft:coal":8},"minecraft:mined":{"minecraft:tuff":71,"minecraft:spruce_planks":74,"minecraft:deepslate_diamond_ore":28,"minecraft:granite":1,"minecraft:cave_vines_plant":1,"minecraft:ladder":2,"minecraft:grass_block":261,"minecraft:deepslate_bricks":40,"minecraft:spruce_leaves":34,"minecraft:moss_block":1,"minecraft:oak_wall_sign":1,"minecraft:large_fern":7,"minecraft:redstone_ore":1,"minecraft:furnace":4,"minecraft:cobbled_deepslate":10,"minecraft:fire":1,"minecraft:stripped_spruce_log":6,"minecraft:deepslate_lapis_ore":2,"minecraft:cave_vines":1,"minecraft:potatoes":30,"minecraft:deepslate_iron_ore":8,"minecraft:rail":2,"minecraft:stone":544,"minecraft:spruce_slab":13,"minecraft:deepslate_redstone_ore":36,"minecraft:flowering_azalea":1,"minecraft:smoker":2,"minecraft:oak_fence":1,"minecraft:clay":11,"minecraft:crafting_table":6,"minecraft:torch":20,"minecraft:chest":1,"minecraft:copper_ore":1,"minecraft:tall_grass":7,"minecraft:cobblestone":91,"minecraft:oak_planks":2,"minecraft:diorite":126,"minecraft:wall_torch":25,"minecraft:spruce_stairs":2,"minecraft:purple_bed":1,"minecraft:sweet_berry_bush":11,"minecraft:spruce_log":495,"minecraft:white_carpet":2,"minecraft:grass":6,"minecraft:oak_log":8,"minecraft:coal_ore":6,"minecraft:sand":16,"minecraft:gravel":27,"minecraft:dirt":573,"minecraft:gray_carpet":2,"minecraft:cobweb":65,"minecraft:smooth_basalt":3,"minecraft:deepslate":402,"minecraft:fern":6},"minecraft:killed":{"mca:female_zombie_villager":1,"minecraft:cave_spider":3,"minecraft:spider":3,"minecraft:skeleton":23,"creeperoverhaul:cave_creeper":2,"artifacts:mimic":1,"fromtheshadows:froglin":1,"minecraft:zombie":18,"minecraft:cow":7,"minecraft:enderman":1},"minecraft:broken":{"minecraft:iron_shovel":1,"minecraft:stone_pickaxe":1,"minecraft:stone_axe":5,"minecraft:iron_sword":1,"minecraft:iron_pickaxe":2,"minecraft:wooden_axe":1,"securitycraft:universal_block_reinforcer_lvl1":2,"minecraft:stone_shovel":2},"minecraft:killed_by":{"minecraft:skeleton":1}},"DataVersion":3465}