{"stats":{"minecraft:killed":{"minecraft:skeleton":6,"minecraft:zombie":8,"creeperoverhaul:cave_creeper":1,"minecraft:enderman":1,"minecraft:cow":1},"minecraft:broken":{"minecraft:stone_pickaxe":1,"minecraft:stone_axe":5,"minecraft:iron_pickaxe":1,"minecraft:wooden_axe":1,"minecraft:stone_shovel":2},"minecraft:used":{"minecraft:stone_sword":20,"minecraft:stone_shovel":265,"minecraft:spruce_slab":108,"minecraft:stone_pickaxe":131,"minecraft:ladder":2,"minecraft:oak_sign":1,"minecraft:shield":9,"minecraft:chest":1,"minecraft:spruce_planks":645,"minecraft:wooden_pickaxe":25,"minecraft:iron_sword":56,"minecraft:rotten_flesh":3,"minecraft:iron_chestplate":1,"minecraft:torch":141,"minecraft:glow_berries":2,"minecraft:dirt":298,"minecraft:white_carpet":2,"minecraft:crafting_table":3,"minecraft:spruce_stairs":170,"minecraft:tuff":8,"minecraft:spruce_log":152,"minecraft:wooden_axe":60,"minecraft:apple":15,"minecraft:bread":19,"minecraft:iron_pickaxe":349,"minecraft:iron_helmet":1,"minecraft:spruce_sapling":12,"minecraft:stone_axe":687,"minecraft:cobblestone":104,"minecraft:purple_bed":1,"minecraft:furnace":3,"minecraft:egg":1,"minecraft:cobbled_deepslate":5,"minecraft:splash_potion":1,"minecraft:bone_meal":11},"minecraft:dropped":{"minecraft:gravel":96,"minecraft:iron_sword":1,"minecraft:tuff":14,"minecraft:cobblestone":60,"everlastingabilities:ability_totem":1,"everlastingabilities:ability_bottle":1,"minecraft:spruce_stairs":1,"minecraft:flint":2,"minecraft:stick":19,"vanillaplustools:stone_hammer":1,"minecraft:spruce_log":1,"minecraft:bow":1,"minecraft:wooden_pickaxe":1,"minecraft:stone_pickaxe":2,"minecraft:cactus":1,"minecraft:bone":1},"minecraft:mined":{"minecraft:tuff":8,"minecraft:spruce_planks":35,"minecraft:deepslate_diamond_ore":11,"minecraft:smoker":2,"minecraft:clay":1,"minecraft:crafting_table":2,"minecraft:torch":16,"minecraft:ladder":2,"minecraft:grass_block":261,"minecraft:chest":1,"minecraft:cobblestone":5,"minecraft:spruce_leaves":34,"minecraft:oak_wall_sign":1,"minecraft:diorite":47,"minecraft:wall_torch":9,"minecraft:large_fern":6,"minecraft:spruce_stairs":2,"minecraft:purple_bed":1,"minecraft:furnace":1,"minecraft:sweet_berry_bush":7,"minecraft:white_carpet":2,"minecraft:spruce_log":492,"minecraft:deepslate_iron_ore":8,"minecraft:oak_log":8,"minecraft:coal_ore":6,"minecraft:gravel":20,"minecraft:dirt":224,"minecraft:stone":244,"minecraft:deepslate":143,"minecraft:spruce_slab":13,"minecraft:fern":5},"minecraft:crafted":{"minecraft:cooked_beef":1,"minecraft:cooked_cod":6,"minecraft:raw_iron":63,"minecraft:stone_shovel":2,"minecraft:crafting_table":2,"minecraft:spruce_planks":1068,"minecraft:wooden_pickaxe":1,"minecraft:furnace":3,"minecraft:bone_meal":21,"minecraft:stone_axe":5,"minecraft:air":0,"minecraft:spruce_stairs":168,"minecraft:charcoal":11,"minecraft:shield":1,"minecraft:spruce_slab":306,"minecraft:stick":52,"minecraft:iron_pickaxe":1,"minecraft:stone_pickaxe":1,"minecraft:wooden_axe":1,"minecraft:stone_sword":1,"minecraft:torch":188},"minecraft:killed_by":{"minecraft:skeleton":1},"minecraft:picked_up":{"minecraft:crafting_table":2,"minecraft:wheat":2,"minecraft:ladder":2,"minecraft:clay_ball":17,"minecraft:wooden_pickaxe":1,"minecraft:smoker":2,"minecraft:flint":2,"minecraft:tuff":22,"minecraft:oak_log":4,"minecraft:gunpowder":1,"minecraft:dirt":483,"minecraft:string":1,"minecraft:white_carpet":2,"minecraft:bone":10,"minecraft:oak_sign":1,"minecraft:bow":2,"minecraft:wheat_seeds":16,"minecraft:cobbled_deepslate":154,"minecraft:spruce_planks":35,"minecraft:beef":1,"everlastingabilities:ability_totem":1,"minecraft:stone_pickaxe":2,"minecraft:azalea":1,"minecraft:spruce_slab":15,"minecraft:chest":1,"minecraft:iron_sword":1,"minecraft:furnace":1,"minecraft:egg":2,"minecraft:raw_iron":11,"minecraft:stick":68,"minecraft:sweet_berries":20,"minecraft:torch":30,"minecraft:spruce_stairs":3,"minecraft:gravel":96,"minecraft:spruce_sapling":81,"minecraft:diorite":47,"minecraft:spruce_log":436,"minecraft:arrow":7,"minecraft:purple_bed":1,"minecraft:rotten_flesh":14,"minecraft:diamond":13,"vanillaplustools:stone_hammer":1,"everlastingabilities:ability_bottle":1,"minecraft:emerald":1,"minecraft:glow_berries":2,"minecraft:coal":8,"minecraft:cobblestone":274},"minecraft:custom":{"minecraft:interact_with_smithing_table":1,"minecraft:interact_with_furnace":5,"lootr:looted_stat":24,"minecraft:mob_kills":17,"minecraft:interact_with_crafting_table":21,"minecraft:leave_game":1,"minecraft:time_since_death":153549,"minecraft:sleep_in_bed":11,"minecraft:climb_one_cm":2239,"minecraft:time_since_rest":69178,"minecraft:sprint_one_cm":412962,"minecraft:damage_taken":1220,"minecraft:walk_one_cm":340615,"minecraft:damage_blocked_by_shield":200,"minecraft:drop":21,"minecraft:damage_dealt":3586,"minecraft:swim_one_cm":3647,"minecraft:fly_one_cm":194197,"minecraft:open_chest":16,"minecraft:crouch_one_cm":69788,"minecraft:play_time":193785,"minecraft:sneak_time":23241,"minecraft:deaths":1,"minecraft:walk_under_water_one_cm":18666,"minecraft:interact_with_brewingstand":1,"minecraft:jump":1710,"minecraft:walk_on_water_one_cm":12167,"minecraft:interact_with_smoker":3,"minecraft:total_world_time":193785,"minecraft:fall_one_cm":30421}},"DataVersion":3465}