{"stats":{"minecraft:mined":{"minecraft:large_fern":1,"minecraft:spruce_log":1,"minecraft:fern":1},"minecraft:used":{"minecraft:bread":4},"minecraft:custom":{"minecraft:time_since_rest":7075,"minecraft:crouch_one_cm":806,"minecraft:play_time":17597,"lootr:looted_stat":3,"minecraft:sprint_one_cm":24440,"minecraft:damage_taken":180,"minecraft:walk_one_cm":21235,"minecraft:sneak_time":204,"minecraft:walk_under_water_one_cm":339,"minecraft:jump":96,"minecraft:damage_dealt":64,"minecraft:time_since_death":17597,"minecraft:walk_on_water_one_cm":487,"minecraft:sleep_in_bed":1,"minecraft:total_world_time":17597,"minecraft:climb_one_cm":299,"minecraft:fly_one_cm":14637,"minecraft:fall_one_cm":1045},"minecraft:picked_up":{"minecraft:rotten_flesh":3,"minecraft:wheat_seeds":1,"everlastingabilities:ability_bottle":1,"minecraft:string":1}},"DataVersion":3465}