{"stats":{"minecraft:killed":{"minecraft:skeleton":4,"minecraft:cow":1},"minecraft:broken":{"minecraft:stone_axe":4,"minecraft:wooden_axe":1,"minecraft:stone_shovel":2},"minecraft:used":{"minecraft:stone_sword":20,"minecraft:stone_shovel":265,"minecraft:spruce_slab":108,"minecraft:stone_pickaxe":9,"minecraft:ladder":2,"minecraft:oak_sign":1,"minecraft:chest":1,"minecraft:spruce_planks":645,"minecraft:wooden_pickaxe":25,"minecraft:iron_sword":5,"minecraft:iron_chestplate":1,"minecraft:torch":35,"minecraft:dirt":294,"minecraft:white_carpet":2,"minecraft:crafting_table":2,"minecraft:spruce_stairs":170,"minecraft:spruce_log":152,"minecraft:wooden_axe":60,"minecraft:apple":9,"minecraft:bread":13,"minecraft:iron_pickaxe":89,"minecraft:iron_helmet":1,"minecraft:spruce_sapling":12,"minecraft:stone_axe":686,"minecraft:cobblestone":34,"minecraft:purple_bed":1,"minecraft:egg":1,"minecraft:splash_potion":1,"minecraft:bone_meal":11},"minecraft:dropped":{"minecraft:iron_sword":1,"minecraft:spruce_stairs":1,"minecraft:stick":19,"vanillaplustools:stone_hammer":1,"minecraft:spruce_log":1,"minecraft:wooden_pickaxe":1,"minecraft:stone_pickaxe":2,"minecraft:cactus":1},"minecraft:crafted":{"minecraft:stone_shovel":2,"minecraft:crafting_table":1,"minecraft:spruce_planks":1032,"minecraft:wooden_pickaxe":1,"minecraft:bone_meal":21,"minecraft:stone_axe":5,"minecraft:spruce_stairs":168,"minecraft:spruce_slab":306,"minecraft:stick":12,"minecraft:stone_pickaxe":1,"minecraft:wooden_axe":1,"minecraft:stone_sword":1,"minecraft:torch":32},"minecraft:mined":{"minecraft:spruce_planks":35,"minecraft:crafting_table":1,"minecraft:torch":2,"minecraft:ladder":2,"minecraft:grass_block":261,"minecraft:chest":1,"minecraft:cobblestone":2,"minecraft:spruce_leaves":34,"minecraft:oak_wall_sign":1,"minecraft:wall_torch":3,"minecraft:large_fern":6,"minecraft:spruce_stairs":2,"minecraft:purple_bed":1,"minecraft:sweet_berry_bush":7,"minecraft:white_carpet":2,"minecraft:spruce_log":492,"minecraft:oak_log":8,"minecraft:coal_ore":6,"minecraft:dirt":203,"minecraft:stone":101,"minecraft:spruce_slab":13,"minecraft:fern":5},"minecraft:killed_by":{"minecraft:skeleton":1},"minecraft:picked_up":{"minecraft:crafting_table":1,"minecraft:wheat":2,"minecraft:ladder":2,"minecraft:wooden_pickaxe":1,"minecraft:oak_log":4,"minecraft:dirt":462,"minecraft:string":1,"minecraft:white_carpet":2,"minecraft:bone":7,"minecraft:oak_sign":1,"minecraft:wheat_seeds":16,"minecraft:spruce_planks":35,"minecraft:beef":1,"everlastingabilities:ability_totem":1,"minecraft:stone_pickaxe":2,"minecraft:azalea":1,"minecraft:spruce_slab":15,"minecraft:chest":1,"minecraft:iron_sword":1,"minecraft:egg":2,"minecraft:stick":68,"minecraft:sweet_berries":20,"minecraft:torch":6,"minecraft:spruce_stairs":3,"minecraft:spruce_sapling":81,"minecraft:spruce_log":436,"minecraft:arrow":6,"minecraft:purple_bed":1,"minecraft:rotten_flesh":3,"vanillaplustools:stone_hammer":1,"everlastingabilities:ability_bottle":1,"minecraft:coal":8,"minecraft:cobblestone":103},"minecraft:custom":{"minecraft:interact_with_smithing_table":1,"lootr:looted_stat":10,"minecraft:mob_kills":5,"minecraft:interact_with_crafting_table":15,"minecraft:leave_game":1,"minecraft:time_since_death":93549,"minecraft:sleep_in_bed":11,"minecraft:climb_one_cm":1787,"minecraft:time_since_rest":9178,"minecraft:sprint_one_cm":291801,"minecraft:damage_taken":1012,"minecraft:walk_one_cm":266012,"minecraft:drop":9,"minecraft:damage_dealt":882,"minecraft:swim_one_cm":3647,"minecraft:fly_one_cm":131543,"minecraft:open_chest":14,"minecraft:crouch_one_cm":48526,"minecraft:play_time":133785,"minecraft:sneak_time":15049,"minecraft:deaths":1,"minecraft:walk_under_water_one_cm":18666,"minecraft:interact_with_brewingstand":1,"minecraft:jump":1100,"minecraft:walk_on_water_one_cm":10287,"minecraft:total_world_time":133785,"minecraft:fall_one_cm":22260}},"DataVersion":3465}