{"stats":{"minecraft:killed":{"minecraft:skeleton":3,"minecraft:cow":1},"minecraft:used":{"minecraft:stone_sword":20,"minecraft:stone_shovel":133,"minecraft:stone_pickaxe":7,"minecraft:ladder":2,"minecraft:oak_sign":1,"minecraft:chest":1,"minecraft:wooden_pickaxe":25,"minecraft:iron_chestplate":1,"minecraft:dirt":101,"minecraft:white_carpet":2,"minecraft:crafting_table":2,"minecraft:spruce_log":61,"minecraft:wooden_axe":60,"minecraft:bread":11,"minecraft:iron_helmet":1,"minecraft:stone_axe":146,"minecraft:cobblestone":5,"minecraft:egg":1,"minecraft:splash_potion":1},"minecraft:broken":{"minecraft:stone_axe":1,"minecraft:wooden_axe":1,"minecraft:stone_shovel":1},"minecraft:killed_by":{"minecraft:skeleton":1},"minecraft:custom":{"minecraft:interact_with_smithing_table":1,"lootr:looted_stat":10,"minecraft:mob_kills":4,"minecraft:interact_with_crafting_table":4,"minecraft:time_since_death":10236,"minecraft:sleep_in_bed":4,"minecraft:climb_one_cm":1787,"minecraft:time_since_rest":4855,"minecraft:sprint_one_cm":137627,"minecraft:damage_taken":728,"minecraft:walk_one_cm":82946,"minecraft:drop":3,"minecraft:damage_dealt":687,"minecraft:swim_one_cm":3647,"minecraft:fly_one_cm":92062,"minecraft:open_chest":6,"minecraft:crouch_one_cm":9806,"minecraft:play_time":50472,"minecraft:deaths":1,"minecraft:sneak_time":3898,"minecraft:walk_under_water_one_cm":18666,"minecraft:jump":530,"minecraft:interact_with_brewingstand":1,"minecraft:walk_on_water_one_cm":9778,"minecraft:total_world_time":50472,"minecraft:fall_one_cm":12263},"minecraft:dropped":{"minecraft:spruce_log":1,"minecraft:wooden_pickaxe":1,"minecraft:cactus":1},"minecraft:crafted":{"minecraft:stone_shovel":1,"minecraft:crafting_table":1,"minecraft:spruce_planks":112,"minecraft:wooden_pickaxe":1,"minecraft:stone_axe":1,"minecraft:stick":8,"minecraft:stone_pickaxe":1,"minecraft:wooden_axe":1,"minecraft:stone_sword":1},"minecraft:mined":{"minecraft:crafting_table":1,"minecraft:ladder":2,"minecraft:grass_block":131,"minecraft:chest":1,"minecraft:spruce_leaves":16,"minecraft:oak_wall_sign":1,"minecraft:large_fern":5,"minecraft:sweet_berry_bush":7,"minecraft:white_carpet":2,"minecraft:spruce_log":176,"minecraft:oak_log":8,"minecraft:coal_ore":6,"minecraft:dirt":17,"minecraft:stone":23,"minecraft:fern":4},"minecraft:picked_up":{"minecraft:crafting_table":1,"minecraft:wheat":2,"minecraft:ladder":2,"minecraft:wooden_pickaxe":1,"minecraft:oak_log":4,"minecraft:string":1,"minecraft:dirt":148,"minecraft:white_carpet":2,"minecraft:bone":5,"minecraft:oak_sign":1,"minecraft:wheat_seeds":16,"minecraft:beef":1,"everlastingabilities:ability_totem":1,"minecraft:azalea":1,"minecraft:chest":1,"minecraft:egg":2,"minecraft:stick":20,"minecraft:sweet_berries":20,"minecraft:spruce_sapling":40,"minecraft:spruce_log":118,"minecraft:arrow":4,"minecraft:rotten_flesh":3,"everlastingabilities:ability_bottle":1,"minecraft:coal":8,"minecraft:cobblestone":23}},"DataVersion":3465}