{"stats":{"minecraft:used":{"minecraft:moss_block":20,"minecraft:polished_deepslate":368,"minecraft:chest":9,"minecraft:shield":3,"minecraft:iron_sword":95,"mutantmonsters:mutant_skeleton_spawn_egg":2,"minecraft:iron_chestplate":1,"securitycraft:keypad_item":9,"withersweapons:aquaslash":2,"minecraft:jungle_planks":39,"cataclysm:stone_tiles":700,"cwsr:golem_sword":1,"minecraft:lava_bucket":10,"minecraft:lantern":4,"minecraft:iron_helmet":1,"minecraft:stone_bricks":2,"minecraft:item_frame":5,"minecraft:furnace":22,"croptopia:roe":1,"cwsr:meteoric_thunderstorm":1,"minecraft:diorite":9,"securitycraft:door_indestructible_iron_item":2,"minecraft:stone_pickaxe":44,"minecraft:wooden_pickaxe":3,"creeperoverhaul:desert_creeper_spawn_egg":38,"minecraft:jungle_boat":1,"withersweapons:electrumight":7,"minecraft:glow_berries":8,"minecraft:sand":9,"minecraft:blast_furnace":3,"securitycraft:universal_block_remover":7,"minecraft:deepslate_tiles":379,"minecraft:bread":54,"minecraft:polished_granite":72,"withersweapons:diablow":3,"mutantmonsters:mutant_snow_golem_spawn_egg":1,"cwsr:atlantis_sword":1,"minecraft:acacia_log":1,"minecraft:flint_and_steel":2,"minecraft:spruce_planks":40,"vanillaplustools:stone_hammer":517,"minecraft:torch":190,"minecraft:dirt":20,"minecraft:polished_diorite":59,"cwsr:tri_ender":32,"minecraft:iron_axe":1,"minecraft:light_gray_wool":1,"minecraft:beef":4,"minecraft:cobbled_deepslate":164,"minecraft:cooked_mutton":6,"minecraft:water_bucket":12,"minecraft:crafting_table":6,"minecraft:smoker":1,"cwsr:wild_nature":2,"withersweapons:magentaslash":7,"minecraft:dark_prismarine":201,"minecraft:apple":5,"minecraft:iron_pickaxe":589,"minecraft:map":2,"minecraft:stone_axe":249,"minecraft:cobblestone":110,"cwsr:light_nether":2,"minecraft:purple_bed":5,"minecraft:jungle_door":3,"minecraft:bucket":22},"minecraft:broken":{"minecraft:stone_axe":1,"vanillaplustools:stone_hammer":3,"minecraft:iron_pickaxe":2},"minecraft:crafted":{"minecraft:oak_planks":24,"minecraft:stone":677,"securitycraft:keypad_item":2,"minecraft:heavy_weighted_pressure_plate":2,"minecraft:cooked_mutton":6,"minecraft:chest":7,"minecraft:stone_bricks":648,"sophisticatedbackpacks:backpack":1,"minecraft:crafting_table":1,"minecraft:spruce_planks":136,"minecraft:jungle_boat":1,"minecraft:wooden_pickaxe":1,"minecraft:birch_planks":4,"minecraft:shield":1,"minecraft:stick":124,"minecraft:iron_ingot":2,"minecraft:iron_pickaxe":2,"minecraft:deepslate_bricks":380,"minecraft:shears":1,"vanillaplustools:stone_hammer":5,"minecraft:furnace":11,"minecraft:stone_button":17,"cataclysm:stone_tiles":648,"minecraft:flint_and_steel":1,"minecraft:polished_diorite":56,"minecraft:polished_deepslate":612,"securitycraft:universal_block_remover":1,"minecraft:stone_pickaxe":46,"sophisticatedbackpacks:iron_backpack":1,"securitycraft:universal_block_modifier":1,"minecraft:polished_granite":64,"sophisticatedbackpacks:gold_backpack":1,"minecraft:bucket":6,"crafting_on_a_stick:crafting_table":1,"minecraft:stone_axe":2,"minecraft:deepslate_tiles":380,"minecraft:air":0,"minecraft:jungle_planks":104,"minecraft:jungle_door":6,"minecraft:acacia_planks":4,"minecraft:torch":200},"minecraft:mined":{"minecraft:spruce_planks":4,"cataclysm:stone_tiles":68,"minecraft:cave_vines_plant":3,"minecraft:granite":128,"minecraft:acacia_log":2,"minecraft:grass_block":13,"minecraft:jungle_log":56,"minecraft:polished_diorite":3,"minecraft:spawner":1,"minecraft:cobbled_deepslate":7,"minecraft:iron_ore":20,"minecraft:sticky_piston":3,"minecraft:fire":2,"minecraft:pumpkin":4,"minecraft:moss_carpet":11,"minecraft:cave_vines":4,"minecraft:spruce_wood":14,"minecraft:azalea":1,"minecraft:deepslate_redstone_ore":4,"minecraft:kelp_plant":2,"minecraft:smoker":1,"minecraft:clay":35,"minecraft:torch":16,"minecraft:blast_furnace":3,"minecraft:chest":3,"minecraft:nether_quartz_ore":9,"minecraft:cobblestone":37,"minecraft:sugar_cane":1,"minecraft:wall_torch":8,"mca:cross_headstone":1,"minecraft:repeater":3,"minecraft:powered_rail":2,"minecraft:birch_log":1,"minecraft:wheat":3,"minecraft:grass":12,"minecraft:oak_log":63,"minecraft:sand":12,"minecraft:dirt":31,"minecraft:dispenser":1,"minecraft:netherrack":5,"minecraft:piston":2,"minecraft:oak_leaves":2,"minecraft:deepslate":1999,"minecraft:deepslate_tiles":9,"minecraft:dark_prismarine":227,"minecraft:tuff":144,"minecraft:deepslate_diamond_ore":6,"minecraft:dark_oak_log":1,"minecraft:lever":1,"minecraft:jungle_planks":1,"minecraft:redstone_wire":13,"minecraft:spruce_leaves":5,"minecraft:kelp":2,"minecraft:moss_block":50,"minecraft:large_fern":4,"minecraft:hay_block":21,"minecraft:redstone_ore":9,"minecraft:furnace":12,"minecraft:andesite":5,"minecraft:detector_rail":2,"minecraft:polished_deepslate":147,"minecraft:deepslate_iron_ore":8,"minecraft:vine":2,"minecraft:rail":3,"minecraft:lantern":4,"minecraft:stone":955,"minecraft:flowering_azalea":2,"minecraft:stripped_dark_oak_log":1,"minecraft:polished_granite":8,"minecraft:crafting_table":7,"minecraft:tall_grass":2,"minecraft:copper_ore":19,"minecraft:deepslate_gold_ore":4,"minecraft:diorite":79,"minecraft:purple_bed":5,"minecraft:ice":1,"minecraft:spruce_log":26,"minecraft:coal_ore":92,"minecraft:gravel":25,"minecraft:cobweb":34,"minecraft:acacia_planks":5,"minecraft:stone_bricks":5,"minecraft:fern":1},"minecraft:custom":{"lootr:looted_stat":42,"minecraft:interact_with_crafting_table":19,"minecraft:leave_game":32,"minecraft:time_since_death":8467,"minecraft:sprint_one_cm":721743,"minecraft:damage_blocked_by_shield":140,"minecraft:drop":137,"minecraft:play_time":525977,"minecraft:deaths":9,"minecraft:jump":5929,"minecraft:walk_on_water_one_cm":98316,"minecraft:interact_with_furnace":83,"minecraft:sleep_in_bed":24,"minecraft:damage_dealt":6754,"minecraft:crouch_one_cm":31332,"minecraft:inspect_dispenser":1,"minecraft:mob_kills":71,"minecraft:damage_dealt_resisted":171,"minecraft:climb_one_cm":9629,"minecraft:walk_one_cm":641492,"minecraft:sneak_time":10689,"minecraft:walk_under_water_one_cm":55038,"minecraft:interact_with_blast_furnace":1,"minecraft:total_world_time":525977,"minecraft:interact_with_stonecutter":1,"minecraft:time_since_rest":8613,"minecraft:damage_taken":3756,"minecraft:swim_one_cm":43435,"minecraft:fly_one_cm":984987,"minecraft:open_chest":70,"minecraft:fall_one_cm":94505},"minecraft:dropped":{"minecraft:moss_block":5,"cwsr:wild_nature":1,"minecraft:diamond":10,"minecraft:crafting_table":1,"minecraft:glow_berries":1,"everlastingabilities:ability_totem":1,"minecraft:rail":1,"minecraft:dirt":3,"cwsr:meteoric_thunderstorm":1,"minecraft:iron_pickaxe":1,"minecraft:stone_axe":2,"minecraft:cobbled_deepslate":241,"minecraft:stripped_dark_oak_log":1,"minecraft:rotten_flesh":2,"withersweapons:electrumight":1,"securitycraft:keypad_item":3,"minecraft:deepslate_tiles":1,"minecraft:azalea":1,"vanillaplustools:stone_hammer":2,"minecraft:iron_ingot":1,"minecraft:wheat_seeds":26,"minecraft:cobblestone":7,"minecraft:stick":3,"mca:book_romance":1,"minecraft:torch":57,"minecraft:iron_leggings":1,"minecraft:flowering_azalea":1,"minecraft:acacia_planks":1,"minecraft:spruce_sapling":2,"minecraft:polished_deepslate":1,"minecraft:kelp":9,"minecraft:tuff":18,"minecraft:light_gray_wool":1,"minecraft:andesite":5,"minecraft:stone_pickaxe":23,"securitycraft:keypad":4},"minecraft:killed_by":{"creeperoverhaul:ocean_creeper":2,"minecraft:witch":2},"minecraft:killed":{"minecraft:cave_spider":1,"minecraft:spider":3,"minecraft:cod":3,"minecraft:skeleton":5,"minecraft:wolf":9,"fromtheshadows:froglin":2,"minecraft:iron_golem":2,"mutantmonsters:mutant_skeleton":1,"minecraft:sheep":3,"minecraft:pillager":1,"minecraft:zombie":5,"creeperoverhaul:desert_creeper":25,"minecraft:cow":3,"minecraft:endermite":1,"mutantmonsters:mutant_snow_golem":1,"creeperoverhaul:savannah_creeper":1},"minecraft:picked_up":{"minecraft:wheat":3,"securitycraft:keypad_item":18,"minecraft:polished_deepslate":145,"minecraft:string":37,"minecraft:raw_copper":122,"minecraft:armor_stand":1,"minecraft:iron_leggings":1,"minecraft:sticky_piston":3,"minecraft:deepslate_tiles":9,"minecraft:cobbled_deepslate":1487,"minecraft:spruce_planks":4,"minecraft:azalea":1,"minecraft:iron_pickaxe":1,"minecraft:furnace":12,"minecraft:stick":28,"cwsr:tri_ender":1,"minecraft:jungle_door":3,"minecraft:torch":32,"minecraft:acacia_log":6,"minecraft:diorite":79,"mutantmonsters:mutant_skeleton_pelvis":1,"minecraft:cactus":84,"artifacts:lucky_scarf":1,"minecraft:rotten_flesh":2,"withersweapons:electrumight":1,"minecraft:cod":6,"minecraft:snowball":12,"minecraft:cobblestone":1071,"minecraft:birch_log":1,"minecraft:repeater":3,"minecraft:andesite":5,"minecraft:jungle_log":26,"minecraft:smoker":1,"cwsr:meteoric_thunderstorm":2,"minecraft:flint":4,"minecraft:tuff":44,"minecraft:lantern":4,"minecraft:dirt":194,"cwsr:light_sword":1,"minecraft:polished_granite":8,"minecraft:bone":15,"minecraft:acacia_planks":5,"minecraft:wheat_seeds":35,"minecraft:raw_gold":4,"everlastingabilities:ability_totem":8,"croptopia:roe":5,"minecraft:powered_rail":2,"minecraft:moss_block":42,"cwsr:wild_nature":2,"minecraft:jungle_planks":56,"minecraft:sand":35,"cataclysm:stone_tiles":68,"minecraft:dark_prismarine":222,"minecraft:iron_hoe":1,"minecraft:dispenser":1,"minecraft:diamond":12,"minecraft:lever":1,"minecraft:crossbow":1,"minecraft:granite":128,"minecraft:oak_sapling":60,"cwsr:atlantis_sword":1,"minecraft:crafting_table":7,"fromtheshadows:froglin_leg":2,"minecraft:clay_ball":92,"minecraft:moss_carpet":11,"minecraft:iron_axe":1,"minecraft:item_frame":9,"minecraft:beef":4,"minecraft:jungle_sapling":3,"minecraft:iron_nugget":2,"minecraft:poppy":4,"minecraft:light_gray_wool":2,"minecraft:minecart":1,"minecraft:chest":3,"minecraft:piston":2,"minecraft:egg":1,"minecraft:raw_iron":29,"minecraft:sandstone":6,"minecraft:redstone":70,"minecraft:arrow":15,"minecraft:hay_block":20,"everlastingabilities:ability_bottle":3,"minecraft:gold_ingot":7,"minecraft:glow_berries":3,"minecraft:mutton":6,"minecraft:white_wool":2,"minecraft:rail":4,"minecraft:leather":5,"minecraft:filled_map":1,"minecraft:oak_log":120,"minecraft:gunpowder":76,"mca:book_romance":2,"minecraft:stone_bricks":4,"minecraft:apple":5,"minecraft:kelp":9,"minecraft:iron_ingot":10,"minecraft:spruce_wood":13,"minecraft:stone_pickaxe":23,"minecraft:flowering_azalea":3,"minecraft:pumpkin":4,"minecraft:gravel":20,"minecraft:spruce_sapling":2,"minecraft:blast_furnace":3,"minecraft:spruce_log":26,"cwsr:fire_essence":1,"minecraft:purple_bed":5,"minecraft:slime_ball":2,"minecraft:polished_diorite":3,"minecraft:stone_axe":2,"minecraft:iron_helmet":3,"vanillaplustools:stone_hammer":2,"securitycraft:door_indestructible_iron_item":2,"minecraft:stripped_dark_oak_log":1,"minecraft:coal":104,"mutantmonsters:mutant_skeleton_spawn_egg":1}},"DataVersion":3465}