{"stats":{"minecraft:killed":{"minecraft:endermite":1,"minecraft:cod":3,"minecraft:skeleton":1,"mutantmonsters:mutant_snow_golem":1,"minecraft:wolf":9,"minecraft:iron_golem":2,"mutantmonsters:mutant_skeleton":1,"minecraft:sheep":3,"minecraft:pillager":1,"minecraft:zombie":2,"creeperoverhaul:desert_creeper":25,"creeperoverhaul:savannah_creeper":1,"minecraft:cow":2},"minecraft:used":{"minecraft:moss_block":20,"minecraft:acacia_log":1,"minecraft:polished_deepslate":244,"minecraft:chest":3,"minecraft:spruce_planks":1,"mutantmonsters:mutant_skeleton_spawn_egg":2,"vanillaplustools:stone_hammer":239,"minecraft:iron_chestplate":1,"minecraft:torch":32,"minecraft:dirt":18,"withersweapons:aquaslash":2,"minecraft:jungle_planks":39,"cwsr:golem_sword":1,"cataclysm:stone_tiles":473,"minecraft:polished_diorite":59,"cwsr:tri_ender":32,"minecraft:iron_helmet":1,"minecraft:stone_bricks":1,"minecraft:light_gray_wool":1,"minecraft:beef":2,"minecraft:furnace":11,"croptopia:roe":1,"cwsr:meteoric_thunderstorm":1,"minecraft:cooked_mutton":6,"minecraft:diorite":9,"minecraft:stone_pickaxe":44,"minecraft:wooden_pickaxe":3,"creeperoverhaul:desert_creeper_spawn_egg":38,"minecraft:jungle_boat":1,"withersweapons:electrumight":7,"minecraft:glow_berries":3,"minecraft:sand":9,"minecraft:crafting_table":6,"minecraft:blast_furnace":1,"cwsr:wild_nature":2,"withersweapons:magentaslash":7,"minecraft:dark_prismarine":17,"minecraft:apple":5,"minecraft:iron_pickaxe":184,"minecraft:bread":11,"minecraft:map":2,"withersweapons:diablow":3,"minecraft:polished_granite":72,"mutantmonsters:mutant_snow_golem_spawn_egg":1,"minecraft:stone_axe":200,"minecraft:cobblestone":44,"cwsr:light_nether":2,"minecraft:purple_bed":4,"cwsr:atlantis_sword":1,"minecraft:jungle_door":3},"minecraft:broken":{"vanillaplustools:stone_hammer":1,"minecraft:stone_axe":1},"minecraft:killed_by":{"creeperoverhaul:ocean_creeper":2},"minecraft:custom":{"lootr:looted_stat":6,"minecraft:mob_kills":57,"minecraft:interact_with_crafting_table":17,"minecraft:leave_game":17,"minecraft:time_since_death":104265,"minecraft:climb_one_cm":6856,"minecraft:sprint_one_cm":221251,"minecraft:walk_one_cm":224093,"minecraft:drop":25,"minecraft:play_time":207794,"minecraft:deaths":6,"minecraft:sneak_time":5149,"minecraft:walk_under_water_one_cm":53027,"minecraft:jump":2663,"minecraft:interact_with_blast_furnace":1,"minecraft:walk_on_water_one_cm":61998,"minecraft:total_world_time":207794,"minecraft:interact_with_furnace":66,"minecraft:interact_with_stonecutter":1,"minecraft:sleep_in_bed":11,"minecraft:time_since_rest":11135,"minecraft:damage_taken":1877,"minecraft:damage_dealt":3921,"minecraft:swim_one_cm":43118,"minecraft:fly_one_cm":613877,"minecraft:open_chest":11,"minecraft:crouch_one_cm":15133,"minecraft:fall_one_cm":53964},"minecraft:dropped":{"minecraft:wheat_seeds":24,"cwsr:wild_nature":1,"minecraft:crafting_table":1,"minecraft:cobblestone":3,"everlastingabilities:ability_totem":1,"minecraft:dirt":2,"mca:book_romance":1,"cwsr:meteoric_thunderstorm":1,"minecraft:acacia_planks":1,"minecraft:spruce_sapling":2,"minecraft:stone_axe":2,"minecraft:kelp":9,"minecraft:light_gray_wool":1,"withersweapons:electrumight":1,"minecraft:andesite":5,"minecraft:azalea":1,"vanillaplustools:stone_hammer":1,"minecraft:stone_pickaxe":5},"minecraft:crafted":{"minecraft:oak_planks":20,"vanillaplustools:stone_hammer":2,"minecraft:furnace":10,"minecraft:stone":677,"minecraft:cooked_mutton":6,"cataclysm:stone_tiles":456,"minecraft:polished_diorite":56,"minecraft:polished_deepslate":232,"minecraft:stone_pickaxe":19,"minecraft:chest":4,"minecraft:stone_bricks":456,"minecraft:crafting_table":1,"minecraft:jungle_boat":1,"minecraft:wooden_pickaxe":1,"minecraft:polished_granite":64,"minecraft:birch_planks":4,"minecraft:stone_axe":2,"minecraft:air":0,"minecraft:jungle_planks":104,"minecraft:jungle_door":6,"minecraft:stick":40,"minecraft:acacia_planks":4,"minecraft:torch":24},"minecraft:mined":{"minecraft:dark_prismarine":139,"minecraft:spruce_planks":1,"cataclysm:stone_tiles":33,"minecraft:granite":124,"minecraft:acacia_log":2,"minecraft:grass_block":9,"minecraft:jungle_planks":1,"minecraft:jungle_log":56,"minecraft:polished_diorite":3,"minecraft:spruce_leaves":3,"minecraft:kelp":2,"minecraft:moss_block":36,"minecraft:large_fern":4,"minecraft:furnace":1,"minecraft:iron_ore":15,"minecraft:andesite":5,"minecraft:moss_carpet":11,"minecraft:pumpkin":4,"minecraft:polished_deepslate":17,"minecraft:vine":2,"minecraft:lantern":3,"minecraft:azalea":1,"minecraft:stone":930,"minecraft:kelp_plant":2,"minecraft:smoker":1,"minecraft:polished_granite":8,"minecraft:clay":6,"minecraft:crafting_table":6,"minecraft:torch":3,"minecraft:blast_furnace":1,"minecraft:chest":1,"minecraft:cobblestone":13,"minecraft:copper_ore":19,"minecraft:sugar_cane":1,"minecraft:diorite":79,"minecraft:wall_torch":2,"minecraft:purple_bed":4,"minecraft:birch_log":1,"minecraft:wheat":3,"minecraft:ice":1,"minecraft:spruce_log":11,"minecraft:grass":7,"minecraft:oak_log":63,"minecraft:coal_ore":92,"minecraft:gravel":22,"minecraft:sand":12,"minecraft:dirt":27,"minecraft:acacia_planks":5,"minecraft:stone_bricks":2,"minecraft:oak_leaves":2,"minecraft:deepslate":235,"minecraft:fern":1},"minecraft:picked_up":{"minecraft:crafting_table":6,"minecraft:wheat":2,"minecraft:clay_ball":24,"minecraft:polished_deepslate":17,"minecraft:moss_carpet":11,"minecraft:raw_copper":61,"minecraft:armor_stand":1,"minecraft:cobbled_deepslate":233,"minecraft:spruce_planks":1,"minecraft:beef":2,"minecraft:azalea":1,"minecraft:jungle_sapling":3,"minecraft:poppy":4,"minecraft:light_gray_wool":2,"minecraft:chest":1,"minecraft:furnace":1,"minecraft:egg":1,"minecraft:stick":28,"minecraft:raw_iron":15,"minecraft:sandstone":6,"cwsr:tri_ender":1,"minecraft:torch":8,"minecraft:acacia_log":6,"minecraft:diorite":79,"mutantmonsters:mutant_skeleton_pelvis":1,"minecraft:arrow":8,"minecraft:cactus":84,"everlastingabilities:ability_bottle":2,"withersweapons:electrumight":1,"minecraft:glow_berries":1,"minecraft:mutton":6,"minecraft:cod":3,"minecraft:snowball":12,"minecraft:white_wool":2,"minecraft:cobblestone":967,"minecraft:birch_log":1,"minecraft:andesite":5,"minecraft:jungle_log":26,"minecraft:smoker":1,"cwsr:meteoric_thunderstorm":2,"minecraft:flint":2,"minecraft:oak_log":63,"minecraft:gunpowder":76,"mca:book_romance":2,"minecraft:dirt":189,"minecraft:lantern":3,"minecraft:polished_granite":8,"cwsr:light_sword":1,"minecraft:bone":5,"minecraft:stone_bricks":2,"minecraft:acacia_planks":5,"minecraft:apple":5,"minecraft:kelp":9,"minecraft:wheat_seeds":27,"minecraft:iron_ingot":10,"everlastingabilities:ability_totem":7,"minecraft:stone_pickaxe":5,"minecraft:moss_block":28,"croptopia:roe":5,"minecraft:flowering_azalea":1,"cwsr:wild_nature":2,"minecraft:pumpkin":4,"minecraft:gravel":20,"minecraft:jungle_planks":56,"minecraft:sand":35,"minecraft:spruce_sapling":2,"minecraft:blast_furnace":1,"minecraft:spruce_log":11,"cataclysm:stone_tiles":33,"minecraft:dark_prismarine":137,"minecraft:iron_hoe":1,"minecraft:purple_bed":4,"minecraft:polished_diorite":3,"minecraft:stone_axe":2,"minecraft:granite":124,"minecraft:iron_helmet":3,"minecraft:crossbow":1,"vanillaplustools:stone_hammer":1,"minecraft:oak_sapling":60,"minecraft:coal":96,"mutantmonsters:mutant_skeleton_spawn_egg":1,"cwsr:atlantis_sword":1}},"DataVersion":3465}