{"stats":{"minecraft:mined":{"minecraft:kelp_plant":2,"minecraft:crafting_table":1,"minecraft:acacia_log":2,"minecraft:grass_block":1,"minecraft:birch_log":1,"minecraft:oak_log":1,"minecraft:sand":9,"minecraft:dirt":2,"minecraft:stone":27},"minecraft:dropped":{"minecraft:stone_axe":1,"cwsr:wild_nature":1,"everlastingabilities:ability_totem":1,"withersweapons:electrumight":1,"mca:book_romance":1,"cwsr:meteoric_thunderstorm":1},"minecraft:used":{"minecraft:acacia_log":1,"minecraft:stone_pickaxe":24,"minecraft:wooden_pickaxe":3,"creeperoverhaul:desert_creeper_spawn_egg":38,"mutantmonsters:mutant_skeleton_spawn_egg":2,"withersweapons:electrumight":7,"minecraft:dirt":1,"minecraft:sand":6,"minecraft:crafting_table":1,"withersweapons:aquaslash":2,"cwsr:golem_sword":1,"cwsr:wild_nature":2,"withersweapons:magentaslash":7,"cwsr:tri_ender":32,"withersweapons:diablow":3,"mutantmonsters:mutant_snow_golem_spawn_egg":1,"minecraft:stone_axe":9,"cwsr:light_nether":2,"cwsr:atlantis_sword":1,"cwsr:meteoric_thunderstorm":1},"minecraft:killed":{"minecraft:wolf":9,"minecraft:endermite":1,"minecraft:iron_golem":2,"minecraft:cod":3,"mutantmonsters:mutant_skeleton":1,"creeperoverhaul:desert_creeper":25,"mutantmonsters:mutant_snow_golem":1,"creeperoverhaul:savannah_creeper":1,"minecraft:cow":1},"minecraft:custom":{"minecraft:mob_kills":48,"minecraft:interact_with_crafting_table":4,"minecraft:leave_game":5,"minecraft:time_since_death":13420,"minecraft:time_since_rest":13478,"minecraft:sprint_one_cm":24432,"minecraft:damage_taken":850,"minecraft:walk_one_cm":55817,"minecraft:drop":6,"minecraft:damage_dealt":2820,"minecraft:swim_one_cm":24669,"minecraft:fly_one_cm":332475,"minecraft:crouch_one_cm":305,"minecraft:play_time":54100,"minecraft:deaths":5,"minecraft:sneak_time":499,"minecraft:walk_under_water_one_cm":36859,"minecraft:jump":518,"minecraft:walk_on_water_one_cm":9896,"minecraft:total_world_time":54100,"minecraft:fall_one_cm":13440},"minecraft:crafted":{"minecraft:oak_planks":4,"minecraft:crafting_table":1,"minecraft:wooden_pickaxe":1,"minecraft:birch_planks":4,"minecraft:stone_axe":1,"minecraft:stick":8,"minecraft:stone_pickaxe":1,"minecraft:acacia_planks":4},"minecraft:picked_up":{"minecraft:birch_log":1,"minecraft:crafting_table":1,"cwsr:meteoric_thunderstorm":2,"minecraft:oak_log":1,"minecraft:gunpowder":76,"mca:book_romance":2,"minecraft:dirt":157,"cwsr:light_sword":1,"minecraft:bone":2,"minecraft:wheat_seeds":2,"everlastingabilities:ability_totem":7,"minecraft:iron_ingot":10,"minecraft:poppy":4,"croptopia:roe":5,"minecraft:stick":2,"minecraft:sandstone":6,"cwsr:tri_ender":1,"cwsr:wild_nature":2,"minecraft:acacia_log":6,"minecraft:sand":32,"mutantmonsters:mutant_skeleton_pelvis":1,"minecraft:iron_hoe":1,"minecraft:arrow":4,"minecraft:cactus":84,"minecraft:stone_axe":1,"minecraft:iron_helmet":2,"everlastingabilities:ability_bottle":2,"withersweapons:electrumight":1,"minecraft:cobblestone":48,"minecraft:cod":3,"minecraft:snowball":12,"cwsr:atlantis_sword":1,"mutantmonsters:mutant_skeleton_spawn_egg":1},"minecraft:killed_by":{"creeperoverhaul:ocean_creeper":2}},"DataVersion":3465}