{"stats":{"minecraft:killed":{"minecraft:cave_spider":1,"minecraft:spider":3,"minecraft:endermite":1,"minecraft:cod":3,"minecraft:skeleton":2,"mutantmonsters:mutant_snow_golem":1,"minecraft:wolf":9,"fromtheshadows:froglin":2,"minecraft:iron_golem":2,"mutantmonsters:mutant_skeleton":1,"minecraft:sheep":3,"minecraft:pillager":1,"minecraft:zombie":3,"creeperoverhaul:desert_creeper":25,"creeperoverhaul:savannah_creeper":1,"minecraft:cow":2},"minecraft:broken":{"vanillaplustools:stone_hammer":3,"minecraft:stone_axe":1,"minecraft:iron_pickaxe":2},"minecraft:dropped":{"minecraft:iron_ingot":1,"minecraft:moss_block":5,"minecraft:wheat_seeds":26,"cwsr:wild_nature":1,"minecraft:diamond":10,"minecraft:crafting_table":1,"minecraft:cobblestone":7,"minecraft:glow_berries":1,"everlastingabilities:ability_totem":1,"minecraft:rail":1,"minecraft:stick":3,"minecraft:dirt":3,"mca:book_romance":1,"minecraft:torch":57,"cwsr:meteoric_thunderstorm":1,"minecraft:iron_leggings":1,"minecraft:iron_pickaxe":1,"minecraft:acacia_planks":1,"minecraft:spruce_sapling":2,"minecraft:polished_deepslate":1,"minecraft:stone_axe":2,"minecraft:kelp":9,"minecraft:cobbled_deepslate":240,"minecraft:tuff":18,"minecraft:stripped_dark_oak_log":1,"minecraft:rotten_flesh":2,"minecraft:light_gray_wool":1,"withersweapons:electrumight":1,"minecraft:deepslate_tiles":1,"minecraft:andesite":5,"minecraft:azalea":1,"vanillaplustools:stone_hammer":2,"minecraft:stone_pickaxe":23},"minecraft:used":{"minecraft:moss_block":20,"minecraft:acacia_log":1,"minecraft:polished_deepslate":368,"minecraft:chest":9,"minecraft:spruce_planks":40,"minecraft:iron_sword":74,"mutantmonsters:mutant_skeleton_spawn_egg":2,"vanillaplustools:stone_hammer":517,"minecraft:iron_chestplate":1,"minecraft:torch":162,"minecraft:dirt":20,"cwsr:golem_sword":1,"cataclysm:stone_tiles":700,"securitycraft:keypad_item":3,"withersweapons:aquaslash":2,"minecraft:jungle_planks":39,"minecraft:polished_diorite":59,"cwsr:tri_ender":32,"minecraft:lantern":1,"minecraft:iron_axe":1,"minecraft:iron_helmet":1,"minecraft:stone_bricks":2,"minecraft:light_gray_wool":1,"minecraft:beef":2,"minecraft:furnace":22,"croptopia:roe":1,"cwsr:meteoric_thunderstorm":1,"minecraft:cobbled_deepslate":97,"minecraft:cooked_mutton":6,"minecraft:water_bucket":3,"minecraft:diorite":9,"minecraft:stone_pickaxe":44,"minecraft:wooden_pickaxe":3,"creeperoverhaul:desert_creeper_spawn_egg":38,"minecraft:jungle_boat":1,"withersweapons:electrumight":7,"minecraft:glow_berries":3,"minecraft:sand":9,"minecraft:blast_furnace":3,"minecraft:crafting_table":6,"securitycraft:universal_block_remover":1,"minecraft:smoker":1,"cwsr:wild_nature":2,"minecraft:deepslate_tiles":264,"minecraft:dark_prismarine":201,"withersweapons:magentaslash":7,"minecraft:apple":5,"minecraft:iron_pickaxe":550,"minecraft:bread":50,"minecraft:map":2,"withersweapons:diablow":3,"minecraft:polished_granite":72,"mutantmonsters:mutant_snow_golem_spawn_egg":1,"minecraft:stone_axe":249,"minecraft:purple_bed":5,"cwsr:atlantis_sword":1,"cwsr:light_nether":2,"minecraft:cobblestone":108,"minecraft:jungle_door":3,"minecraft:bucket":4},"minecraft:crafted":{"minecraft:oak_planks":24,"vanillaplustools:stone_hammer":5,"minecraft:furnace":11,"minecraft:stone_button":17,"minecraft:stone":677,"securitycraft:keypad_item":2,"minecraft:heavy_weighted_pressure_plate":2,"minecraft:cooked_mutton":6,"cataclysm:stone_tiles":648,"minecraft:polished_diorite":56,"minecraft:polished_deepslate":488,"securitycraft:universal_block_remover":1,"minecraft:stone_pickaxe":46,"minecraft:chest":6,"minecraft:stone_bricks":648,"securitycraft:universal_block_modifier":1,"minecraft:crafting_table":1,"minecraft:spruce_planks":136,"minecraft:jungle_boat":1,"minecraft:wooden_pickaxe":1,"minecraft:polished_granite":64,"minecraft:birch_planks":4,"crafting_on_a_stick:crafting_table":1,"minecraft:deepslate_tiles":256,"minecraft:stone_axe":2,"minecraft:air":0,"minecraft:jungle_planks":104,"minecraft:jungle_door":6,"minecraft:shield":1,"minecraft:stick":116,"minecraft:iron_ingot":2,"minecraft:iron_pickaxe":2,"minecraft:torch":176,"minecraft:acacia_planks":4,"minecraft:deepslate_bricks":256,"minecraft:shears":1},"minecraft:mined":{"minecraft:dark_prismarine":226,"minecraft:deepslate_tiles":9,"minecraft:tuff":144,"minecraft:spruce_planks":4,"minecraft:deepslate_diamond_ore":3,"minecraft:dark_oak_log":1,"cataclysm:stone_tiles":68,"minecraft:cave_vines_plant":2,"minecraft:acacia_log":2,"minecraft:lever":1,"minecraft:granite":128,"minecraft:grass_block":11,"minecraft:jungle_planks":1,"minecraft:jungle_log":56,"minecraft:redstone_wire":13,"minecraft:spruce_leaves":5,"minecraft:polished_diorite":3,"minecraft:moss_block":48,"minecraft:kelp":2,"minecraft:spawner":1,"minecraft:large_fern":4,"minecraft:hay_block":21,"minecraft:redstone_ore":9,"minecraft:furnace":12,"minecraft:iron_ore":20,"minecraft:sticky_piston":3,"minecraft:fire":2,"minecraft:cobbled_deepslate":7,"minecraft:andesite":5,"minecraft:detector_rail":2,"minecraft:moss_carpet":11,"minecraft:pumpkin":4,"minecraft:polished_deepslate":146,"minecraft:vine":2,"minecraft:cave_vines":4,"minecraft:deepslate_iron_ore":8,"minecraft:rail":3,"minecraft:lantern":4,"minecraft:spruce_wood":14,"minecraft:azalea":1,"minecraft:stone":955,"minecraft:deepslate_redstone_ore":4,"minecraft:flowering_azalea":2,"minecraft:kelp_plant":2,"minecraft:smoker":1,"minecraft:stripped_dark_oak_log":1,"minecraft:polished_granite":8,"minecraft:clay":34,"minecraft:crafting_table":7,"minecraft:torch":16,"minecraft:blast_furnace":3,"minecraft:chest":3,"minecraft:copper_ore":19,"minecraft:cobblestone":37,"minecraft:deepslate_gold_ore":4,"minecraft:sugar_cane":1,"minecraft:diorite":79,"minecraft:wall_torch":6,"minecraft:purple_bed":5,"minecraft:repeater":3,"minecraft:powered_rail":2,"minecraft:birch_log":1,"minecraft:wheat":3,"minecraft:ice":1,"minecraft:spruce_log":26,"minecraft:grass":10,"minecraft:coal_ore":92,"minecraft:oak_log":63,"minecraft:gravel":25,"minecraft:sand":12,"minecraft:dirt":28,"minecraft:cobweb":34,"minecraft:acacia_planks":5,"minecraft:dispenser":1,"minecraft:stone_bricks":5,"minecraft:piston":2,"minecraft:oak_leaves":2,"minecraft:deepslate":1981,"minecraft:fern":1},"minecraft:killed_by":{"creeperoverhaul:ocean_creeper":2},"minecraft:picked_up":{"fromtheshadows:froglin_leg":2,"minecraft:crafting_table":7,"minecraft:wheat":3,"securitycraft:keypad_item":1,"minecraft:clay_ball":88,"minecraft:polished_deepslate":145,"minecraft:string":37,"minecraft:moss_carpet":11,"minecraft:raw_copper":122,"minecraft:iron_axe":1,"minecraft:iron_leggings":1,"minecraft:sticky_piston":3,"minecraft:armor_stand":1,"minecraft:deepslate_tiles":9,"minecraft:cobbled_deepslate":1472,"minecraft:spruce_planks":4,"minecraft:beef":2,"minecraft:jungle_sapling":3,"minecraft:azalea":1,"minecraft:iron_nugget":2,"minecraft:poppy":4,"minecraft:iron_pickaxe":1,"minecraft:light_gray_wool":2,"minecraft:minecart":1,"minecraft:chest":3,"minecraft:piston":2,"minecraft:furnace":12,"minecraft:egg":1,"minecraft:raw_iron":29,"minecraft:stick":28,"minecraft:sandstone":6,"cwsr:tri_ender":1,"minecraft:jungle_door":3,"minecraft:torch":28,"minecraft:acacia_log":6,"minecraft:diorite":79,"minecraft:redstone":70,"mutantmonsters:mutant_skeleton_pelvis":1,"minecraft:cactus":84,"minecraft:arrow":9,"artifacts:lucky_scarf":1,"minecraft:rotten_flesh":2,"minecraft:hay_block":20,"everlastingabilities:ability_bottle":3,"minecraft:gold_ingot":7,"withersweapons:electrumight":1,"minecraft:glow_berries":1,"minecraft:mutton":6,"minecraft:rail":4,"minecraft:cod":6,"minecraft:snowball":12,"minecraft:white_wool":2,"minecraft:cobblestone":1066,"minecraft:birch_log":1,"minecraft:repeater":3,"minecraft:andesite":5,"minecraft:jungle_log":26,"minecraft:smoker":1,"minecraft:filled_map":1,"cwsr:meteoric_thunderstorm":2,"minecraft:flint":4,"minecraft:tuff":44,"minecraft:oak_log":120,"minecraft:gunpowder":76,"mca:book_romance":2,"minecraft:dirt":194,"minecraft:lantern":4,"minecraft:polished_granite":8,"cwsr:light_sword":1,"minecraft:bone":10,"minecraft:acacia_planks":5,"minecraft:apple":5,"minecraft:stone_bricks":4,"minecraft:kelp":9,"minecraft:wheat_seeds":35,"minecraft:raw_gold":4,"minecraft:spruce_wood":13,"minecraft:iron_ingot":10,"everlastingabilities:ability_totem":8,"minecraft:stone_pickaxe":23,"minecraft:moss_block":42,"minecraft:powered_rail":2,"croptopia:roe":5,"minecraft:flowering_azalea":3,"cwsr:wild_nature":2,"minecraft:pumpkin":4,"minecraft:gravel":20,"minecraft:sand":35,"minecraft:jungle_planks":56,"minecraft:spruce_sapling":2,"minecraft:blast_furnace":3,"cwsr:fire_essence":1,"minecraft:spruce_log":26,"cataclysm:stone_tiles":68,"minecraft:dark_prismarine":222,"minecraft:iron_hoe":1,"minecraft:dispenser":1,"minecraft:purple_bed":5,"minecraft:slime_ball":2,"minecraft:diamond":8,"minecraft:polished_diorite":3,"minecraft:stone_axe":2,"minecraft:lever":1,"minecraft:iron_helmet":3,"minecraft:crossbow":1,"minecraft:granite":128,"vanillaplustools:stone_hammer":2,"minecraft:oak_sapling":60,"minecraft:stripped_dark_oak_log":1,"minecraft:coal":104,"mutantmonsters:mutant_skeleton_spawn_egg":1,"cwsr:atlantis_sword":1},"minecraft:custom":{"lootr:looted_stat":42,"minecraft:mob_kills":65,"minecraft:interact_with_crafting_table":19,"minecraft:damage_dealt_resisted":171,"minecraft:leave_game":25,"minecraft:time_since_death":370654,"minecraft:climb_one_cm":9629,"minecraft:sprint_one_cm":671863,"minecraft:walk_one_cm":559653,"minecraft:drop":128,"minecraft:play_time":474183,"minecraft:sneak_time":9590,"minecraft:deaths":6,"minecraft:walk_under_water_one_cm":53762,"minecraft:jump":5182,"minecraft:interact_with_blast_furnace":1,"minecraft:walk_on_water_one_cm":82730,"minecraft:total_world_time":474183,"minecraft:interact_with_furnace":77,"minecraft:interact_with_stonecutter":1,"minecraft:sleep_in_bed":22,"minecraft:time_since_rest":71348,"minecraft:damage_taken":2796,"minecraft:damage_dealt":5626,"minecraft:swim_one_cm":43435,"minecraft:fly_one_cm":900912,"minecraft:open_chest":60,"minecraft:crouch_one_cm":29801,"minecraft:inspect_dispenser":1,"minecraft:fall_one_cm":85251}},"DataVersion":3465}