{"stats":{"minecraft:used":{"minecraft:moss_block":20,"minecraft:polished_deepslate":368,"minecraft:chest":9,"minecraft:shield":11,"minecraft:iron_sword":133,"mutantmonsters:mutant_skeleton_spawn_egg":2,"minecraft:iron_chestplate":1,"securitycraft:keypad_item":9,"withersweapons:aquaslash":2,"minecraft:jungle_planks":39,"cwsr:golem_sword":1,"cataclysm:stone_tiles":700,"minecraft:tuff":31,"minecraft:lava_bucket":10,"minecraft:lantern":4,"minecraft:iron_helmet":1,"minecraft:stone_bricks":11,"minecraft:item_frame":5,"minecraft:furnace":22,"croptopia:roe":1,"cwsr:ender_wind":27,"cwsr:meteoric_thunderstorm":1,"minecraft:diorite":9,"securitycraft:door_indestructible_iron_item":2,"minecraft:stone_pickaxe":44,"minecraft:wooden_pickaxe":3,"creeperoverhaul:desert_creeper_spawn_egg":38,"minecraft:jungle_boat":1,"withersweapons:electrumight":7,"minecraft:glow_berries":8,"minecraft:sand":9,"minecraft:blast_furnace":3,"minecraft:crossbow":7,"securitycraft:universal_block_remover":7,"minecraft:deepslate_tiles":382,"minecraft:bread":77,"minecraft:polished_granite":72,"withersweapons:diablow":3,"mutantmonsters:mutant_snow_golem_spawn_egg":1,"cwsr:atlantis_sword":1,"immersive_aircraft:gyrodyne":14,"minecraft:acacia_log":1,"minecraft:flint_and_steel":3,"minecraft:spruce_planks":40,"vanillaplustools:stone_hammer":517,"minecraft:torch":190,"minecraft:dirt":20,"minecraft:polished_diorite":59,"cwsr:tri_ender":32,"minecraft:iron_axe":55,"minecraft:light_gray_wool":1,"minecraft:beef":4,"minecraft:cobbled_deepslate":164,"minecraft:cooked_mutton":6,"minecraft:water_bucket":13,"cataclysm:stone_pillar":5,"minecraft:crafting_table":6,"minecraft:white_bed":4,"minecraft:smoker":1,"cwsr:wild_nature":2,"minecraft:dark_prismarine":201,"withersweapons:magentaslash":7,"minecraft:apple":5,"minecraft:iron_pickaxe":779,"minecraft:suspicious_stew":1,"minecraft:map":3,"minecraft:stone_axe":249,"cwsr:light_nether":2,"minecraft:cobblestone":110,"minecraft:purple_bed":5,"minecraft:jungle_door":3,"minecraft:bucket":23},"minecraft:broken":{"minecraft:stone_axe":1,"vanillaplustools:stone_hammer":3,"minecraft:iron_pickaxe":3},"minecraft:crafted":{"minecraft:oak_planks":24,"cwsr:ender_wind":1,"minecraft:stone":677,"securitycraft:keypad_item":2,"minecraft:heavy_weighted_pressure_plate":2,"minecraft:cooked_mutton":6,"immersive_aircraft:hull":2,"minecraft:chest":7,"cwsr:golem_sword":1,"minecraft:stone_bricks":648,"sophisticatedbackpacks:backpack":1,"minecraft:crafting_table":1,"minecraft:spruce_planks":136,"minecraft:jungle_boat":1,"minecraft:wooden_pickaxe":1,"minecraft:birch_planks":4,"immersive_aircraft:propeller":1,"minecraft:shield":1,"minecraft:stick":128,"minecraft:iron_ingot":2,"minecraft:iron_pickaxe":3,"minecraft:deepslate_bricks":380,"minecraft:shears":1,"cwsr:beast_sword":1,"vanillaplustools:stone_hammer":5,"immersive_aircraft:sail":2,"minecraft:stone_button":17,"minecraft:furnace":11,"minecraft:bone_meal":9,"minecraft:white_carpet":12,"cataclysm:stone_tiles":648,"minecraft:flint_and_steel":1,"minecraft:polished_diorite":56,"minecraft:polished_deepslate":612,"securitycraft:universal_block_remover":1,"minecraft:stone_pickaxe":46,"cwsr:sword_handle":2,"minecraft:wheat":180,"minecraft:observer":1,"sophisticatedbackpacks:iron_backpack":1,"securitycraft:universal_block_modifier":1,"minecraft:polished_granite":64,"sophisticatedbackpacks:gold_backpack":1,"minecraft:bucket":6,"crafting_on_a_stick:crafting_table":1,"minecraft:deepslate_tiles":380,"minecraft:stone_axe":2,"minecraft:bread":60,"minecraft:air":0,"minecraft:jungle_planks":104,"minecraft:jungle_door":6,"immersive_aircraft:gyrodyne":1,"minecraft:white_dye":9,"minecraft:acacia_planks":4,"minecraft:torch":200},"minecraft:mined":{"minecraft:spruce_planks":4,"minecraft:white_bed":6,"cataclysm:stone_tiles":68,"minecraft:cave_vines_plant":3,"cataclysm:stone_pillar":6,"minecraft:granite":128,"minecraft:acacia_log":2,"minecraft:grass_block":13,"minecraft:jungle_log":56,"minecraft:polished_diorite":3,"minecraft:spawner":2,"minecraft:raw_iron_block":26,"minecraft:cobbled_deepslate":7,"minecraft:iron_ore":20,"minecraft:sticky_piston":3,"minecraft:fire":3,"minecraft:pumpkin":4,"minecraft:moss_carpet":12,"minecraft:anvil":1,"minecraft:cave_vines":4,"minecraft:water_cauldron":1,"minecraft:iron_bars":6,"minecraft:spruce_wood":15,"minecraft:azalea":1,"minecraft:iron_block":3,"minecraft:deepslate_redstone_ore":4,"minecraft:kelp_plant":2,"minecraft:smoker":1,"minecraft:amethyst_cluster":6,"minecraft:clay":35,"minecraft:torch":16,"minecraft:blast_furnace":3,"minecraft:polished_andesite_stairs":2,"minecraft:chest":3,"minecraft:nether_quartz_ore":19,"minecraft:cobblestone":42,"minecraft:sugar_cane":1,"minecraft:oak_planks":5,"minecraft:wall_torch":8,"mca:cross_headstone":1,"minecraft:skeleton_skull":1,"minecraft:repeater":3,"minecraft:verdant_froglight":6,"minecraft:powered_rail":2,"minecraft:birch_log":1,"minecraft:wheat":3,"minecraft:blue_ice":1,"minecraft:jukebox":1,"minecraft:waxed_copper_block":1,"minecraft:grass":13,"minecraft:oak_log":65,"minecraft:waxed_oxidized_copper":2,"minecraft:sand":12,"minecraft:dirt":31,"minecraft:dispenser":1,"minecraft:netherrack":11,"minecraft:piston":2,"minecraft:oak_leaves":2,"minecraft:deepslate":1999,"minecraft:emerald_block":1,"minecraft:deepslate_tiles":14,"minecraft:dark_prismarine":227,"minecraft:tuff":158,"minecraft:mossy_cobblestone":1,"minecraft:potted_wither_rose":1,"minecraft:deepslate_diamond_ore":9,"minecraft:dark_oak_log":1,"minecraft:stripped_birch_log":18,"minecraft:lever":1,"cataclysm:stone_tile_wall":3,"minecraft:decorated_pot":1,"minecraft:jungle_planks":1,"minecraft:redstone_wire":13,"minecraft:birch_slab":4,"minecraft:spruce_leaves":9,"minecraft:moss_block":51,"minecraft:kelp":3,"minecraft:waxed_weathered_copper":1,"minecraft:large_fern":4,"minecraft:hay_block":21,"minecraft:redstone_ore":9,"minecraft:furnace":12,"minecraft:raw_gold_block":4,"minecraft:andesite":5,"minecraft:diamond_block":1,"minecraft:detector_rail":2,"minecraft:gold_block":2,"minecraft:polished_deepslate":147,"minecraft:mossy_stone_brick_stairs":1,"minecraft:deepslate_iron_ore":8,"minecraft:vine":2,"minecraft:rail":3,"minecraft:lantern":4,"minecraft:stone":955,"minecraft:light_gray_carpet":9,"minecraft:flowering_azalea":2,"minecraft:hanging_roots":4,"minecraft:stripped_dark_oak_log":1,"minecraft:stone_brick_slab":2,"minecraft:polished_granite":8,"minecraft:crafting_table":7,"minecraft:lime_carpet":1,"minecraft:tall_grass":2,"minecraft:copper_ore":19,"minecraft:deepslate_gold_ore":4,"minecraft:diorite":79,"minecraft:birch_planks":2,"minecraft:purple_bed":5,"minecraft:ice":1,"minecraft:spruce_log":27,"minecraft:coal_ore":92,"minecraft:zombie_head":1,"minecraft:gravel":33,"minecraft:cobweb":40,"minecraft:acacia_planks":5,"minecraft:stone_bricks":58,"minecraft:polished_andesite":5,"minecraft:mossy_stone_bricks":3,"minecraft:fern":2},"minecraft:custom":{"lootr:looted_stat":99,"minecraft:interact_with_crafting_table":19,"minecraft:open_barrel":6,"minecraft:leave_game":35,"minecraft:time_since_death":30285,"minecraft:sprint_one_cm":789076,"minecraft:damage_blocked_by_shield":365,"minecraft:drop":139,"minecraft:play_time":631290,"minecraft:deaths":14,"minecraft:jump":6651,"minecraft:walk_on_water_one_cm":111021,"minecraft:interact_with_furnace":83,"minecraft:sleep_in_bed":28,"minecraft:damage_dealt":9353,"minecraft:crouch_one_cm":40218,"minecraft:inspect_dispenser":1,"minecraft:mob_kills":79,"minecraft:damage_dealt_resisted":171,"minecraft:climb_one_cm":10295,"minecraft:walk_one_cm":736543,"minecraft:sneak_time":14453,"minecraft:walk_under_water_one_cm":55868,"minecraft:interact_with_blast_furnace":1,"minecraft:total_world_time":631290,"minecraft:interact_with_stonecutter":1,"minecraft:time_since_rest":19888,"minecraft:damage_taken":7230,"minecraft:swim_one_cm":49238,"minecraft:fly_one_cm":1089738,"minecraft:open_chest":86,"minecraft:fall_one_cm":134263},"minecraft:dropped":{"minecraft:moss_block":5,"cwsr:wild_nature":1,"minecraft:diamond":10,"minecraft:crafting_table":1,"minecraft:glow_berries":1,"everlastingabilities:ability_totem":1,"minecraft:rail":1,"minecraft:dirt":3,"cwsr:meteoric_thunderstorm":1,"minecraft:iron_pickaxe":2,"minecraft:stone_axe":2,"minecraft:cobbled_deepslate":241,"minecraft:stripped_dark_oak_log":1,"minecraft:rotten_flesh":2,"withersweapons:electrumight":1,"securitycraft:keypad_item":3,"minecraft:deepslate_tiles":1,"minecraft:azalea":1,"vanillaplustools:stone_hammer":2,"minecraft:iron_ingot":1,"minecraft:wheat_seeds":26,"minecraft:cobblestone":7,"minecraft:stick":3,"mca:book_romance":1,"minecraft:torch":57,"minecraft:iron_leggings":1,"minecraft:flowering_azalea":1,"minecraft:acacia_planks":1,"minecraft:spruce_sapling":2,"minecraft:polished_deepslate":1,"minecraft:kelp":9,"minecraft:tuff":18,"minecraft:light_gray_wool":1,"minecraft:andesite":5,"minecraft:stone_pickaxe":23,"securitycraft:keypad":4,"cwsr:ender_wind":1},"minecraft:killed_by":{"minecraft:vindicator":2,"creeperoverhaul:ocean_creeper":2,"minecraft:witch":2,"minecraft:vex":1},"minecraft:killed":{"minecraft:cave_spider":1,"minecraft:witch":1,"minecraft:spider":3,"minecraft:cod":3,"minecraft:skeleton":5,"minecraft:wolf":9,"fromtheshadows:froglin":2,"minecraft:iron_golem":4,"mutantmonsters:mutant_skeleton":1,"minecraft:sheep":3,"minecraft:pillager":3,"minecraft:zombie":5,"creeperoverhaul:desert_creeper":25,"minecraft:cow":3,"minecraft:endermite":2,"minecraft:vindicator":1,"mutantmonsters:mutant_snow_golem":1,"creeperoverhaul:savannah_creeper":1},"minecraft:picked_up":{"minecraft:wheat":3,"securitycraft:keypad_item":18,"minecraft:polished_deepslate":145,"minecraft:raw_copper":122,"minecraft:string":37,"minecraft:sticky_piston":3,"minecraft:iron_leggings":1,"minecraft:armor_stand":1,"minecraft:deepslate_tiles":14,"minecraft:cobbled_deepslate":1487,"minecraft:spruce_planks":4,"minecraft:azalea":1,"minecraft:iron_pickaxe":1,"minecraft:furnace":12,"minecraft:stick":28,"cwsr:tri_ender":1,"minecraft:jungle_door":3,"minecraft:torch":32,"minecraft:acacia_log":6,"minecraft:diorite":79,"minecraft:cauldron":1,"mutantmonsters:mutant_skeleton_pelvis":1,"minecraft:rotten_flesh":2,"minecraft:cactus":84,"artifacts:lucky_scarf":1,"withersweapons:electrumight":1,"minecraft:cod":6,"minecraft:snowball":12,"minecraft:cobblestone":1076,"minecraft:birch_log":1,"minecraft:repeater":3,"minecraft:andesite":5,"minecraft:jungle_log":26,"minecraft:smoker":1,"cwsr:meteoric_thunderstorm":2,"minecraft:flint":4,"minecraft:tuff":44,"minecraft:lantern":4,"minecraft:dirt":194,"minecraft:polished_granite":8,"cwsr:light_sword":1,"minecraft:bone":15,"minecraft:acacia_planks":5,"minecraft:wheat_seeds":35,"minecraft:raw_gold":4,"everlastingabilities:ability_totem":9,"croptopia:roe":5,"minecraft:powered_rail":2,"minecraft:moss_block":42,"minecraft:oak_planks":4,"cwsr:wild_nature":2,"minecraft:jungle_planks":56,"minecraft:sand":35,"cataclysm:stone_tiles":68,"minecraft:dark_prismarine":222,"minecraft:iron_hoe":1,"minecraft:dispenser":1,"minecraft:diamond":12,"minecraft:lever":1,"minecraft:crossbow":1,"minecraft:granite":128,"minecraft:netherrack":10,"minecraft:light_gray_carpet":9,"minecraft:oak_sapling":60,"cwsr:atlantis_sword":1,"minecraft:crafting_table":7,"fromtheshadows:froglin_leg":2,"minecraft:clay_ball":92,"minecraft:moss_carpet":11,"minecraft:iron_axe":1,"minecraft:item_frame":9,"minecraft:beef":4,"minecraft:minecart":1,"minecraft:light_gray_wool":2,"minecraft:jungle_sapling":3,"minecraft:iron_nugget":2,"minecraft:poppy":6,"minecraft:chest":3,"minecraft:piston":2,"minecraft:egg":1,"minecraft:raw_iron":29,"minecraft:sandstone":6,"minecraft:redstone":70,"minecraft:arrow":15,"minecraft:hay_block":20,"everlastingabilities:ability_bottle":3,"minecraft:gold_ingot":7,"minecraft:glow_berries":3,"minecraft:mutton":6,"minecraft:white_wool":2,"minecraft:rail":4,"minecraft:air":0,"minecraft:leather":5,"minecraft:filled_map":1,"minecraft:oak_log":122,"minecraft:gunpowder":76,"mca:book_romance":2,"immersive_aircraft:gyrodyne":2,"minecraft:stone_bricks":6,"minecraft:apple":5,"minecraft:kelp":9,"minecraft:iron_ingot":16,"minecraft:spruce_wood":14,"minecraft:stone_pickaxe":23,"minecraft:flowering_azalea":3,"minecraft:pumpkin":4,"minecraft:quartz":26,"minecraft:gravel":20,"minecraft:spruce_sapling":2,"minecraft:blast_furnace":3,"minecraft:spruce_log":27,"cwsr:fire_essence":1,"minecraft:purple_bed":5,"minecraft:slime_ball":2,"minecraft:polished_diorite":3,"minecraft:stone_axe":2,"minecraft:iron_helmet":3,"vanillaplustools:stone_hammer":2,"securitycraft:door_indestructible_iron_item":2,"minecraft:stripped_dark_oak_log":1,"minecraft:coal":104,"mutantmonsters:mutant_skeleton_spawn_egg":1}},"DataVersion":3465}