{"stats":{"minecraft:killed":{"minecraft:endermite":1,"minecraft:cod":3,"minecraft:skeleton":2,"mutantmonsters:mutant_snow_golem":1,"minecraft:wolf":9,"fromtheshadows:froglin":1,"minecraft:iron_golem":2,"mutantmonsters:mutant_skeleton":1,"minecraft:sheep":3,"minecraft:pillager":1,"minecraft:zombie":3,"creeperoverhaul:desert_creeper":25,"creeperoverhaul:savannah_creeper":1,"minecraft:cow":2},"minecraft:broken":{"vanillaplustools:stone_hammer":3,"minecraft:stone_axe":1,"minecraft:iron_pickaxe":1},"minecraft:dropped":{"minecraft:wheat_seeds":26,"cwsr:wild_nature":1,"minecraft:crafting_table":1,"minecraft:cobblestone":7,"minecraft:glow_berries":1,"everlastingabilities:ability_totem":1,"minecraft:dirt":2,"mca:book_romance":1,"cwsr:meteoric_thunderstorm":1,"minecraft:iron_pickaxe":1,"minecraft:acacia_planks":1,"minecraft:spruce_sapling":2,"minecraft:polished_deepslate":1,"minecraft:stone_axe":2,"minecraft:kelp":9,"minecraft:cobbled_deepslate":4,"minecraft:tuff":18,"minecraft:stripped_dark_oak_log":1,"minecraft:rotten_flesh":2,"minecraft:light_gray_wool":1,"withersweapons:electrumight":1,"minecraft:andesite":5,"minecraft:azalea":1,"vanillaplustools:stone_hammer":2,"minecraft:stone_pickaxe":23},"minecraft:used":{"minecraft:moss_block":20,"minecraft:acacia_log":1,"minecraft:polished_deepslate":368,"minecraft:chest":9,"minecraft:spruce_planks":40,"minecraft:iron_sword":6,"mutantmonsters:mutant_skeleton_spawn_egg":2,"vanillaplustools:stone_hammer":415,"minecraft:iron_chestplate":1,"minecraft:torch":78,"minecraft:dirt":20,"securitycraft:keypad_item":3,"withersweapons:aquaslash":2,"cwsr:golem_sword":1,"minecraft:jungle_planks":39,"cataclysm:stone_tiles":700,"minecraft:polished_diorite":59,"cwsr:tri_ender":32,"minecraft:lantern":1,"minecraft:iron_axe":1,"minecraft:iron_helmet":1,"minecraft:stone_bricks":2,"minecraft:light_gray_wool":1,"minecraft:beef":2,"minecraft:furnace":22,"croptopia:roe":1,"cwsr:meteoric_thunderstorm":1,"minecraft:cobbled_deepslate":34,"minecraft:cooked_mutton":6,"minecraft:diorite":9,"minecraft:stone_pickaxe":44,"minecraft:wooden_pickaxe":3,"creeperoverhaul:desert_creeper_spawn_egg":38,"minecraft:jungle_boat":1,"withersweapons:electrumight":7,"minecraft:glow_berries":3,"minecraft:sand":9,"minecraft:blast_furnace":3,"minecraft:crafting_table":6,"securitycraft:universal_block_remover":1,"minecraft:smoker":1,"cwsr:wild_nature":2,"minecraft:dark_prismarine":201,"withersweapons:magentaslash":7,"minecraft:apple":5,"minecraft:iron_pickaxe":510,"minecraft:bread":37,"minecraft:map":2,"withersweapons:diablow":3,"minecraft:polished_granite":72,"mutantmonsters:mutant_snow_golem_spawn_egg":1,"minecraft:stone_axe":249,"cwsr:light_nether":2,"minecraft:cobblestone":108,"minecraft:purple_bed":5,"cwsr:atlantis_sword":1,"minecraft:jungle_door":3},"minecraft:crafted":{"minecraft:oak_planks":24,"vanillaplustools:stone_hammer":5,"minecraft:furnace":11,"minecraft:stone_button":17,"minecraft:stone":677,"securitycraft:keypad_item":2,"minecraft:heavy_weighted_pressure_plate":2,"minecraft:cooked_mutton":6,"cataclysm:stone_tiles":648,"minecraft:polished_diorite":56,"minecraft:polished_deepslate":232,"securitycraft:universal_block_remover":1,"minecraft:stone_pickaxe":46,"minecraft:chest":6,"minecraft:stone_bricks":648,"securitycraft:universal_block_modifier":1,"minecraft:crafting_table":1,"minecraft:spruce_planks":136,"minecraft:jungle_boat":1,"minecraft:wooden_pickaxe":1,"minecraft:polished_granite":64,"minecraft:birch_planks":4,"crafting_on_a_stick:crafting_table":1,"minecraft:stone_axe":2,"minecraft:air":0,"minecraft:jungle_planks":104,"minecraft:jungle_door":6,"minecraft:shield":1,"minecraft:stick":88,"minecraft:iron_ingot":2,"minecraft:iron_pickaxe":2,"minecraft:acacia_planks":4,"minecraft:torch":68,"minecraft:shears":1},"minecraft:mined":{"minecraft:dark_prismarine":226,"minecraft:tuff":37,"minecraft:spruce_planks":4,"minecraft:dark_oak_log":1,"cataclysm:stone_tiles":68,"minecraft:cave_vines_plant":1,"minecraft:lever":1,"minecraft:granite":128,"minecraft:acacia_log":2,"minecraft:grass_block":11,"minecraft:jungle_planks":1,"minecraft:jungle_log":56,"minecraft:redstone_wire":13,"minecraft:polished_diorite":3,"minecraft:spruce_leaves":5,"minecraft:moss_block":39,"minecraft:kelp":2,"minecraft:large_fern":4,"minecraft:hay_block":21,"minecraft:redstone_ore":9,"minecraft:furnace":12,"minecraft:iron_ore":20,"minecraft:sticky_piston":3,"minecraft:cobbled_deepslate":6,"minecraft:andesite":5,"minecraft:detector_rail":2,"minecraft:moss_carpet":11,"minecraft:pumpkin":4,"minecraft:polished_deepslate":146,"minecraft:deepslate_iron_ore":5,"minecraft:vine":2,"minecraft:rail":3,"minecraft:lantern":4,"minecraft:spruce_wood":14,"minecraft:azalea":1,"minecraft:stone":955,"minecraft:deepslate_redstone_ore":4,"minecraft:kelp_plant":2,"minecraft:smoker":1,"minecraft:stripped_dark_oak_log":1,"minecraft:polished_granite":8,"minecraft:clay":13,"minecraft:crafting_table":7,"minecraft:torch":14,"minecraft:blast_furnace":3,"minecraft:chest":3,"minecraft:copper_ore":19,"minecraft:cobblestone":37,"minecraft:deepslate_gold_ore":4,"minecraft:sugar_cane":1,"minecraft:diorite":79,"minecraft:wall_torch":5,"minecraft:purple_bed":5,"minecraft:repeater":3,"minecraft:powered_rail":2,"minecraft:birch_log":1,"minecraft:wheat":3,"minecraft:ice":1,"minecraft:spruce_log":26,"minecraft:grass":9,"minecraft:oak_log":63,"minecraft:coal_ore":92,"minecraft:gravel":22,"minecraft:sand":12,"minecraft:dirt":27,"minecraft:acacia_planks":5,"minecraft:dispenser":1,"minecraft:stone_bricks":5,"minecraft:piston":2,"minecraft:oak_leaves":2,"minecraft:deepslate":1273,"minecraft:fern":1},"minecraft:killed_by":{"creeperoverhaul:ocean_creeper":2},"minecraft:picked_up":{"fromtheshadows:froglin_leg":2,"minecraft:crafting_table":7,"minecraft:wheat":3,"securitycraft:keypad_item":1,"minecraft:clay_ball":52,"minecraft:polished_deepslate":145,"minecraft:moss_carpet":11,"minecraft:raw_copper":122,"minecraft:iron_axe":1,"minecraft:sticky_piston":3,"minecraft:armor_stand":1,"minecraft:cobbled_deepslate":1211,"minecraft:spruce_planks":4,"minecraft:beef":2,"minecraft:poppy":4,"minecraft:jungle_sapling":3,"minecraft:azalea":1,"minecraft:iron_nugget":2,"minecraft:iron_pickaxe":1,"minecraft:light_gray_wool":2,"minecraft:minecart":1,"minecraft:chest":3,"minecraft:piston":2,"minecraft:furnace":12,"minecraft:egg":1,"minecraft:stick":28,"minecraft:raw_iron":25,"minecraft:sandstone":6,"cwsr:tri_ender":1,"minecraft:jungle_door":3,"minecraft:torch":24,"minecraft:acacia_log":6,"minecraft:diorite":79,"minecraft:redstone":70,"mutantmonsters:mutant_skeleton_pelvis":1,"minecraft:rotten_flesh":2,"minecraft:arrow":9,"minecraft:cactus":84,"minecraft:hay_block":20,"everlastingabilities:ability_bottle":3,"minecraft:gold_ingot":7,"withersweapons:electrumight":1,"minecraft:glow_berries":1,"minecraft:mutton":6,"minecraft:rail":3,"minecraft:cod":6,"minecraft:snowball":12,"minecraft:white_wool":2,"minecraft:cobblestone":1066,"minecraft:birch_log":1,"minecraft:repeater":3,"minecraft:andesite":5,"minecraft:jungle_log":26,"minecraft:smoker":1,"minecraft:filled_map":1,"cwsr:meteoric_thunderstorm":2,"minecraft:flint":4,"minecraft:tuff":44,"minecraft:oak_log":120,"minecraft:gunpowder":76,"mca:book_romance":2,"minecraft:dirt":193,"minecraft:lantern":4,"minecraft:polished_granite":8,"cwsr:light_sword":1,"minecraft:bone":7,"minecraft:acacia_planks":5,"minecraft:stone_bricks":4,"minecraft:apple":5,"minecraft:kelp":9,"minecraft:wheat_seeds":35,"minecraft:raw_gold":4,"minecraft:spruce_wood":13,"minecraft:iron_ingot":10,"everlastingabilities:ability_totem":8,"minecraft:stone_pickaxe":23,"minecraft:moss_block":37,"minecraft:powered_rail":2,"croptopia:roe":5,"minecraft:flowering_azalea":2,"cwsr:wild_nature":2,"minecraft:pumpkin":4,"minecraft:gravel":20,"minecraft:sand":35,"minecraft:jungle_planks":56,"cwsr:fire_essence":1,"minecraft:spruce_sapling":2,"minecraft:blast_furnace":3,"minecraft:spruce_log":26,"cataclysm:stone_tiles":68,"minecraft:dark_prismarine":222,"minecraft:iron_hoe":1,"minecraft:dispenser":1,"minecraft:purple_bed":5,"minecraft:slime_ball":2,"minecraft:polished_diorite":3,"minecraft:stone_axe":2,"minecraft:lever":1,"minecraft:granite":128,"minecraft:iron_helmet":3,"minecraft:crossbow":1,"vanillaplustools:stone_hammer":2,"minecraft:oak_sapling":60,"minecraft:stripped_dark_oak_log":1,"minecraft:coal":104,"mutantmonsters:mutant_skeleton_spawn_egg":1,"cwsr:atlantis_sword":1},"minecraft:custom":{"lootr:looted_stat":33,"minecraft:mob_kills":60,"minecraft:interact_with_crafting_table":19,"minecraft:leave_game":21,"minecraft:time_since_death":310499,"minecraft:climb_one_cm":6856,"minecraft:sprint_one_cm":549133,"minecraft:walk_one_cm":438711,"minecraft:drop":57,"minecraft:play_time":414028,"minecraft:deaths":6,"minecraft:sneak_time":8931,"minecraft:walk_under_water_one_cm":53496,"minecraft:jump":4557,"minecraft:interact_with_blast_furnace":1,"minecraft:walk_on_water_one_cm":75731,"minecraft:total_world_time":414028,"minecraft:interact_with_furnace":76,"minecraft:interact_with_stonecutter":1,"minecraft:sleep_in_bed":22,"minecraft:time_since_rest":11193,"minecraft:damage_taken":2371,"minecraft:damage_dealt":4571,"minecraft:swim_one_cm":43435,"minecraft:fly_one_cm":854940,"minecraft:open_chest":52,"minecraft:crouch_one_cm":28261,"minecraft:inspect_dispenser":1,"minecraft:fall_one_cm":73839}},"DataVersion":3465}