{"stats":{"minecraft:mined":{"minecraft:spruce_planks":1,"minecraft:kelp_plant":2,"minecraft:smoker":1,"minecraft:crafting_table":4,"minecraft:blast_furnace":1,"minecraft:acacia_log":2,"minecraft:grass_block":4,"minecraft:jungle_log":56,"minecraft:sugar_cane":1,"minecraft:kelp":2,"minecraft:large_fern":1,"minecraft:purple_bed":2,"minecraft:furnace":1,"minecraft:birch_log":1,"minecraft:wheat":3,"minecraft:pumpkin":4,"minecraft:grass":2,"minecraft:coal_ore":5,"minecraft:oak_log":63,"minecraft:vine":2,"minecraft:sand":12,"minecraft:dirt":5,"minecraft:stone":35,"minecraft:oak_leaves":2},"minecraft:dropped":{"minecraft:stone_axe":2,"cwsr:wild_nature":1,"minecraft:crafting_table":1,"minecraft:light_gray_wool":1,"everlastingabilities:ability_totem":1,"withersweapons:electrumight":1,"mca:book_romance":1,"cwsr:meteoric_thunderstorm":1,"minecraft:stone_pickaxe":1},"minecraft:killed":{"minecraft:wolf":9,"minecraft:endermite":1,"minecraft:iron_golem":2,"minecraft:cod":3,"mutantmonsters:mutant_skeleton":1,"minecraft:sheep":3,"minecraft:pillager":1,"minecraft:zombie":2,"creeperoverhaul:desert_creeper":25,"mutantmonsters:mutant_snow_golem":1,"creeperoverhaul:savannah_creeper":1,"minecraft:cow":2},"minecraft:used":{"minecraft:cooked_mutton":5,"minecraft:acacia_log":1,"minecraft:stone_pickaxe":41,"minecraft:spruce_planks":1,"minecraft:wooden_pickaxe":3,"creeperoverhaul:desert_creeper_spawn_egg":38,"mutantmonsters:mutant_skeleton_spawn_egg":2,"minecraft:jungle_boat":1,"minecraft:iron_chestplate":1,"withersweapons:electrumight":7,"minecraft:sand":9,"minecraft:dirt":7,"minecraft:crafting_table":4,"withersweapons:aquaslash":2,"cwsr:golem_sword":1,"cwsr:wild_nature":2,"withersweapons:magentaslash":7,"minecraft:apple":5,"cwsr:tri_ender":32,"minecraft:iron_helmet":1,"withersweapons:diablow":3,"mutantmonsters:mutant_snow_golem_spawn_egg":1,"minecraft:light_gray_wool":1,"minecraft:stone_axe":174,"cwsr:light_nether":2,"minecraft:beef":2,"minecraft:purple_bed":1,"cwsr:atlantis_sword":1,"minecraft:furnace":1,"croptopia:roe":1,"cwsr:meteoric_thunderstorm":1},"minecraft:custom":{"minecraft:interact_with_furnace":9,"lootr:looted_stat":2,"minecraft:mob_kills":56,"minecraft:interact_with_crafting_table":8,"minecraft:interact_with_stonecutter":1,"minecraft:leave_game":12,"minecraft:time_since_death":57504,"minecraft:sleep_in_bed":2,"minecraft:climb_one_cm":4510,"minecraft:time_since_rest":3060,"minecraft:sprint_one_cm":112449,"minecraft:damage_taken":1255,"minecraft:walk_one_cm":104087,"minecraft:drop":10,"minecraft:damage_dealt":3720,"minecraft:swim_one_cm":35788,"minecraft:fly_one_cm":467244,"minecraft:crouch_one_cm":461,"minecraft:play_time":98184,"minecraft:deaths":5,"minecraft:sneak_time":1068,"minecraft:walk_under_water_one_cm":40160,"minecraft:jump":1332,"minecraft:walk_on_water_one_cm":16651,"minecraft:total_world_time":98184,"minecraft:fall_one_cm":35121},"minecraft:crafted":{"minecraft:oak_planks":4,"minecraft:crafting_table":1,"minecraft:jungle_boat":1,"minecraft:wooden_pickaxe":1,"minecraft:furnace":3,"minecraft:birch_planks":4,"minecraft:stone_axe":2,"minecraft:cooked_mutton":6,"minecraft:air":0,"minecraft:jungle_planks":104,"minecraft:stick":8,"minecraft:stone_pickaxe":1,"minecraft:acacia_planks":4},"minecraft:picked_up":{"minecraft:birch_log":1,"minecraft:crafting_table":5,"minecraft:wheat":2,"minecraft:jungle_log":26,"minecraft:smoker":1,"cwsr:meteoric_thunderstorm":2,"minecraft:oak_log":63,"minecraft:gunpowder":76,"mca:book_romance":2,"minecraft:dirt":163,"cwsr:light_sword":1,"minecraft:armor_stand":1,"minecraft:bone":3,"minecraft:apple":5,"minecraft:kelp":9,"minecraft:wheat_seeds":14,"minecraft:spruce_planks":1,"minecraft:iron_ingot":10,"minecraft:beef":2,"everlastingabilities:ability_totem":7,"minecraft:stone_pickaxe":1,"minecraft:jungle_sapling":3,"minecraft:poppy":4,"minecraft:light_gray_wool":2,"croptopia:roe":5,"minecraft:furnace":1,"minecraft:egg":1,"minecraft:stick":26,"minecraft:sandstone":6,"cwsr:tri_ender":1,"cwsr:wild_nature":2,"minecraft:pumpkin":4,"minecraft:acacia_log":6,"minecraft:sand":35,"minecraft:jungle_planks":55,"minecraft:blast_furnace":1,"mutantmonsters:mutant_skeleton_pelvis":1,"minecraft:iron_hoe":1,"minecraft:arrow":6,"minecraft:cactus":84,"minecraft:purple_bed":2,"minecraft:stone_axe":2,"minecraft:iron_helmet":3,"minecraft:crossbow":1,"everlastingabilities:ability_bottle":2,"withersweapons:electrumight":1,"minecraft:oak_sapling":30,"minecraft:cobblestone":72,"minecraft:snowball":12,"minecraft:mutton":6,"minecraft:coal":9,"minecraft:cod":3,"mutantmonsters:mutant_skeleton_spawn_egg":1,"minecraft:white_wool":2,"cwsr:atlantis_sword":1},"minecraft:broken":{"minecraft:stone_axe":1},"minecraft:killed_by":{"creeperoverhaul:ocean_creeper":2}},"DataVersion":3465}