{"stats":{"minecraft:broken":{"minecraft:iron_boots":1,"minecraft:golden_sword":30,"minecraft:shield":1,"vanillaplustools:stone_hammer":5,"minecraft:iron_axe":7,"minecraft:iron_pickaxe":3,"cwsr:golem_sword":2,"minecraft:stone_axe":1},"minecraft:picked_up":{"minecraft:iron_chestplate":2,"minecraft:chainmail_boots":2,"minecraft:diamond_sword":6,"minecraft:oak_stairs":4,"minecraft:enchanted_book":1,"minecraft:golden_sword":17,"minecraft:polished_deepslate":147,"cfm:stripped_warped_park_bench":1,"minecraft:string":71,"minecraft:shroomlight":1,"minecraft:gold_nugget":86,"minecraft:cobbled_deepslate":1515,"minecraft:spruce_planks":37,"minecraft:coal_block":3,"minecraft:acacia_log":6,"minecraft:golden_chestplate":1,"minecraft:cauldron":1,"mutantmonsters:mutant_skeleton_pelvis":1,"artifacts:lucky_scarf":1,"minecraft:iron_block":3,"minecraft:snowball":12,"minecraft:birch_log":1,"minecraft:magma_block":24,"minecraft:feather":3,"minecraft:jungle_log":26,"minecraft:smoker":1,"minecraft:flint":16,"minecraft:lantern":4,"croptopia:roe":5,"minecraft:glowstone_dust":2,"minecraft:moss_block":42,"minecraft:stripped_acacia_wood":2,"minecraft:stripped_spruce_log":1,"cataclysm:stone_tiles":69,"minecraft:iron_hoe":1,"minecraft:polished_andesite":3,"minecraft:dispenser":1,"minecraft:lever":1,"minecraft:granite":170,"minecraft:chainmail_helmet":2,"minecraft:light_gray_carpet":9,"minecraft:diamond_pickaxe":1,"fromtheshadows:froglin_leg":4,"minecraft:crafting_table":7,"sophisticatedbackpacks:gold_backpack":10,"minecraft:stripped_warped_hyphae":10,"minecraft:clay_ball":144,"minecraft:iron_shovel":2,"minecraft:beef":4,"minecraft:minecart":41,"minecraft:jungle_sapling":3,"minecraft:iron_nugget":13,"minecraft:poppy":6,"minecraft:spruce_slab":4,"minecraft:chest":5,"colossalchests:chest_wall_wood":14,"minecraft:piston":4,"minecraft:egg":1,"minecraft:sandstone":6,"minecraft:polished_deepslate_slab":1,"sophisticatedbackpacks:backpack":1,"minecraft:spruce_fence":3,"minecraft:fire_charge":7,"minecraft:redstone":70,"minecraft:diamond_chestplate":3,"minecraft:diamond_boots":1,"minecraft:deepslate_bricks":1,"minecraft:hay_block":32,"everlastingabilities:ability_bottle":4,"minecraft:gold_ingot":268,"minecraft:mutton":6,"minecraft:glow_berries":3,"minecraft:rail":4,"minecraft:white_wool":2,"minecraft:jungle_fence":9,"minecraft:filled_map":2,"minecraft:oak_log":122,"minecraft:stone_bricks":7,"minecraft:apple":5,"minecraft:kelp":9,"minecraft:wild_armor_trim_smithing_template":2,"minecraft:stone_pickaxe":23,"minecraft:flowering_azalea":3,"minecraft:iron_sword":6,"minecraft:dark_oak_stairs":2,"minecraft:gravel":79,"minecraft:spruce_sapling":22,"minecraft:spruce_log":72,"cwsr:fire_essence":3,"minecraft:crying_obsidian":5,"minecraft:purple_bed":5,"minecraft:slime_ball":4,"minecraft:stone_axe":2,"minecraft:polished_diorite":3,"minecraft:warped_roots":8,"minecraft:baked_potato":5,"minecraft:warped_nylium":1,"minecraft:stripped_dark_oak_log":1,"minecraft:hopper":18,"minecraft:ender_pearl":2,"minecraft:wheat":3,"securitycraft:keypad_item":18,"minecraft:potion":3,"minecraft:nether_brick":37,"minecraft:stone_brick_stairs":1,"minecraft:raw_copper":122,"minecraft:sticky_piston":6,"minecraft:iron_leggings":1,"minecraft:armor_stand":1,"minecraft:deepslate_tiles":48,"minecraft:bucket":3,"minecraft:azalea":2,"minecraft:iron_pickaxe":2,"minecraft:furnace":12,"minecraft:tipped_arrow":10,"minecraft:stick":32,"cwsr:tri_ender":1,"minecraft:jungle_door":3,"minecraft:oak_fence":3,"minecraft:torch":38,"minecraft:diorite":97,"minecraft:cactus":84,"minecraft:rotten_flesh":134,"colossalchests:colossal_chest_wood":1,"withersweapons:electrumight":1,"minecraft:stripped_birch_wood":6,"minecraft:obsidian":17,"minecraft:cod":6,"minecraft:cobblestone":1133,"minecraft:magma_cream":5,"minecraft:repeater":6,"minecraft:andesite":5,"cwsr:meteoric_thunderstorm":2,"minecraft:tuff":44,"minecraft:dirt":234,"minecraft:polished_granite":8,"cwsr:light_sword":1,"minecraft:bone":42,"minecraft:acacia_planks":5,"minecraft:bell":1,"minecraft:wheat_seeds":41,"minecraft:deepslate_brick_slab":2,"minecraft:raw_gold":4,"minecraft:cobbled_deepslate_slab":3,"minecraft:grindstone":1,"everlastingabilities:ability_totem":20,"minecraft:powered_rail":2,"minecraft:oak_planks":25,"cwsr:wild_nature":2,"minecraft:jungle_planks":56,"minecraft:sand":48,"minecraft:spectral_arrow":37,"minecraft:dark_prismarine":227,"minecraft:dark_prismarine_slab":1,"minecraft:diamond":12,"minecraft:crossbow":3,"minecraft:oak_sapling":61,"minecraft:netherrack":62,"cwsr:atlantis_sword":1,"minecraft:fishing_rod":2,"minecraft:splash_potion":3,"minecraft:gold_block":1,"minecraft:diamond_horse_armor":1,"cwsr:ender_wind":2,"minecraft:moss_carpet":11,"minecraft:iron_axe":3,"minecraft:item_frame":9,"minecraft:blackstone":59,"minecraft:light_gray_wool":2,"minecraft:lectern":157,"minecraft:sugar_cane":10,"minecraft:spruce_trapdoor":12,"minecraft:raw_iron":31,"minecraft:cookie":13,"minecraft:dark_oak_planks":6,"minecraft:arrow":20,"minecraft:air":0,"minecraft:leather":26,"minecraft:chainmail_chestplate":9,"minecraft:gunpowder":88,"mca:book_romance":2,"immersive_aircraft:gyrodyne":5,"minecraft:spruce_wood":15,"minecraft:iron_ingot":105,"minecraft:cooked_chicken":1,"minecraft:soul_sand":36,"minecraft:book":9,"minecraft:oak_slab":1,"minecraft:pumpkin":4,"minecraft:quartz":33,"minecraft:blast_furnace":3,"minecraft:white_bed":6,"minecraft:pumpkin_seeds":3,"minecraft:chainmail_leggings":1,"minecraft:iron_helmet":9,"vanillaplustools:stone_hammer":2,"securitycraft:door_indestructible_iron_item":2,"minecraft:coal":105,"mutantmonsters:mutant_skeleton_spawn_egg":1},"minecraft:used":{"minecraft:moss_block":20,"minecraft:spruce_slab":39,"minecraft:ladder":95,"minecraft:chest":9,"minecraft:rotten_flesh":62,"securitycraft:keypad_item":9,"cwsr:golem_sword":3,"minecraft:lava_bucket":20,"minecraft:bow":155,"minecraft:sweet_berries":76,"minecraft:furnace":22,"cwsr:ender_wind":283,"cwsr:meteoric_thunderstorm":1,"minecraft:seagrass":8,"minecraft:diorite":9,"securitycraft:door_indestructible_iron_item":2,"minecraft:blackstone":65,"minecraft:wooden_pickaxe":3,"creeperoverhaul:desert_creeper_spawn_egg":38,"minecraft:jungle_boat":1,"minecraft:cookie":28,"minecraft:glow_berries":8,"minecraft:golden_apple":4,"minecraft:sand":22,"minecraft:blast_furnace":3,"securitycraft:universal_block_remover":11,"minecraft:deepslate_tiles":384,"minecraft:crying_obsidian":1,"minecraft:lectern":170,"minecraft:polished_granite":72,"minecraft:diamond_sword":1404,"minecraft:oak_trapdoor":2,"minecraft:stripped_acacia_wood":2,"minecraft:acacia_log":1,"vanillaplustools:stone_hammer":901,"minecraft:netherrack":1023,"minecraft:torch":238,"minecraft:warped_wart_block":261,"minecraft:anvil":2,"minecraft:polished_diorite":59,"minecraft:shroomlight":4,"minecraft:iron_axe":3133,"minecraft:beef":4,"minecraft:cobbled_deepslate":164,"sophisticatedbackpacks:gold_backpack":21,"minecraft:water_bucket":13,"minecraft:warped_stem":8,"minecraft:fletching_table":4,"minecraft:leather_boots":1,"cataclysm:stone_pillar":6,"minecraft:rail":23,"minecraft:oak_slab":5,"minecraft:crafting_table":6,"minecraft:white_bed":20,"cwsr:wild_nature":2,"withersweapons:magentaslash":7,"minecraft:dark_prismarine":205,"minecraft:diamond_pickaxe":4600,"minecraft:diamond_shovel":78,"minecraft:iron_pickaxe":983,"minecraft:suspicious_stew":1,"minecraft:spruce_trapdoor":97,"minecraft:spruce_sapling":101,"minecraft:cobblestone":160,"cwsr:light_nether":2,"minecraft:potion":8,"minecraft:purple_bed":5,"minecraft:warped_fence_gate":4,"minecraft:iron_shovel":8,"minecraft:polished_deepslate":369,"minecraft:shield":73,"minecraft:iron_sword":871,"mutantmonsters:mutant_skeleton_spawn_egg":2,"colossalchests:interface_wood":3,"minecraft:iron_chestplate":1,"withersweapons:aquaslash":2,"minecraft:jungle_planks":39,"cfm:stripped_warped_park_bench":4,"cataclysm:stone_tiles":706,"minecraft:pink_terracotta":9,"minecraft:tuff":31,"minecraft:obsidian":101,"minecraft:spruce_wood":1,"minecraft:lantern":4,"minecraft:iron_helmet":1,"minecraft:stone_bricks":52,"minecraft:item_frame":5,"minecraft:golden_sword":117,"minecraft:magma_block":3402,"croptopia:roe":1,"minecraft:stone_pickaxe":44,"minecraft:oak_planks":8,"minecraft:chainmail_helmet":1,"colossalchests:chest_wall_wood":119,"withersweapons:electrumight":7,"minecraft:crossbow":21,"minecraft:bread":202,"withersweapons:diablow":3,"minecraft:gravel":8,"mutantmonsters:mutant_snow_golem_spawn_egg":1,"minecraft:grindstone":1,"cwsr:atlantis_sword":1,"immersive_aircraft:gyrodyne":31,"minecraft:bone_meal":64,"minecraft:cobweb":20,"minecraft:experience_bottle":3,"minecraft:netherite_sword":28,"minecraft:flint_and_steel":35,"securitycraft:keypad_chest":2,"minecraft:spruce_planks":122,"minecraft:cooked_chicken":1,"minecraft:dirt":137,"minecraft:hopper":23,"minecraft:granite":6,"minecraft:iron_hoe":19,"cwsr:tri_ender":32,"minecraft:bookshelf":8,"minecraft:light_gray_wool":1,"minecraft:golden_carrot":69,"minecraft:minecart":90,"minecraft:turtle_egg":14,"minecraft:cooked_mutton":6,"minecraft:polished_andesite":5,"minecraft:baked_potato":5,"minecraft:smoker":1,"minecraft:apple":5,"minecraft:map":3,"colossalchests:colossal_chest_wood":11,"minecraft:stone_axe":249,"minecraft:jungle_door":3,"minecraft:bucket":33,"minecraft:pumpkin_pie":63,"minecraft:splash_potion":6},"minecraft:crafted":{"colossalchests:colossal_chest_wood":3,"securitycraft:keypad_item":2,"minecraft:bookshelf":18,"minecraft:cooked_mutton":6,"minecraft:glass":64,"cwsr:golem_sword":3,"minecraft:emerald":246,"minecraft:jungle_boat":1,"minecraft:copper_ingot":4,"minecraft:fletching_table":4,"minecraft:oak_wood":15,"immersive_aircraft:propeller":3,"minecraft:lectern":9,"minecraft:iron_pickaxe":3,"minecraft:iron_block":3,"minecraft:gold_ingot":8,"cwsr:beast_sword":3,"vanillaplustools:stone_hammer":8,"minecraft:bone_meal":141,"minecraft:white_carpet":24,"minecraft:polished_diorite":56,"minecraft:stripped_birch_wood":12,"minecraft:ladder":24,"securitycraft:universal_block_remover":1,"minecraft:spruce_slab":72,"minecraft:stone_pickaxe":74,"minecraft:redstone_block":1,"minecraft:dark_oak_planks":44,"minecraft:wheat":288,"securitycraft:universal_block_modifier":1,"minecraft:polished_granite":64,"sophisticatedbackpacks:gold_backpack":2,"minecraft:deepslate_tiles":380,"minecraft:enchanted_book":14,"minecraft:white_bed":1,"colossalchests:interface_wood":2,"minecraft:oak_planks":160,"cwsr:ender_wind":1,"minecraft:stone":677,"minecraft:heavy_weighted_pressure_plate":2,"colossalchests:chest_wall_wood":53,"minecraft:warped_planks":380,"securitycraft:laser_block":1,"minecraft:hopper":13,"immersive_aircraft:hull":4,"minecraft:chest":24,"minecraft:rail":16,"minecraft:stone_bricks":648,"minecraft:golden_sword":2,"minecraft:oak_slab":6,"sophisticatedbackpacks:backpack":1,"minecraft:crafting_table":1,"minecraft:spruce_planks":4221,"minecraft:wooden_pickaxe":1,"minecraft:birch_planks":12,"minecraft:spruce_trapdoor":60,"minecraft:paper":9,"minecraft:shield":2,"minecraft:warped_fence_gate":4,"minecraft:stick":7706,"minecraft:iron_ingot":298,"minecraft:deepslate_bricks":380,"minecraft:shears":2,"securitycraft:universal_block_reinforcer_lvl1":1,"cfm:stripped_warped_park_bench":4,"minecraft:raw_iron":234,"immersive_aircraft:sail":4,"minecraft:stone_button":17,"minecraft:furnace":11,"minecraft:oak_trapdoor":2,"cataclysm:stone_tiles":648,"minecraft:glass_pane":16,"minecraft:flint_and_steel":2,"minecraft:polished_deepslate":612,"minecraft:iron_axe":11,"minecraft:spruce_wood":24,"cwsr:sword_handle":4,"minecraft:minecart":85,"minecraft:observer":3,"sophisticatedbackpacks:iron_backpack":1,"immersive_aircraft:enhanced_propeller":1,"minecraft:bucket":7,"crafting_on_a_stick:crafting_table":1,"minecraft:stone_axe":2,"minecraft:bread":101,"minecraft:air":0,"minecraft:jungle_planks":104,"minecraft:jungle_door":6,"minecraft:white_wool":11,"immersive_aircraft:gyrodyne":2,"minecraft:white_dye":9,"minecraft:anvil":1,"minecraft:acacia_planks":4,"minecraft:torch":260},"minecraft:mined":{"minecraft:dark_oak_planks":3,"minecraft:dark_prismarine_stairs":2,"minecraft:stripped_warped_stem":12,"minecraft:white_bed":19,"minecraft:warped_stairs":3,"cataclysm:stone_tiles":78,"minecraft:obsidian":52,"minecraft:granite":166,"minecraft:acacia_log":2,"minecraft:jungle_log":56,"minecraft:deepslate_bricks":1,"minecraft:coal_block":8,"minecraft:hopper":21,"minecraft:chiseled_stone_bricks":2,"minecraft:spawner":26,"minecraft:tall_seagrass":16,"minecraft:magma_block":3475,"minecraft:fire":74,"minecraft:sticky_piston":3,"minecraft:cobbled_deepslate":8,"minecraft:pumpkin":4,"minecraft:moss_carpet":12,"minecraft:cave_vines":4,"minecraft:polished_deepslate_slab":2,"minecraft:water_cauldron":2,"minecraft:deepslate_brick_stairs":3,"colossalchests:chest_wall_wood":70,"minecraft:smooth_sandstone_stairs":5,"minecraft:spruce_wood":16,"minecraft:iron_block":3,"minecraft:jungle_trapdoor":1,"minecraft:kelp_plant":3,"minecraft:smoker":1,"minecraft:amethyst_cluster":6,"minecraft:torch":20,"minecraft:blast_furnace":3,"minecraft:melon":1,"minecraft:polished_andesite_stairs":2,"minecraft:dead_bush":1,"minecraft:sugar_cane":6,"mca:cross_headstone":2,"minecraft:skeleton_skull":1,"minecraft:repeater":3,"minecraft:verdant_froglight":6,"minecraft:wheat":3,"minecraft:jukebox":1,"minecraft:waxed_copper_block":1,"minecraft:stone_brick_stairs":1,"minecraft:grass":19,"minecraft:waxed_exposed_cut_copper_stairs":1,"minecraft:red_mushroom_block":1,"minecraft:piston":2,"minecraft:deepslate":2122,"minecraft:attached_pumpkin_stem":1,"minecraft:deepslate_tiles":15,"minecraft:dark_prismarine":233,"minecraft:light_gray_stained_glass_pane":2,"minecraft:mossy_cobblestone":3,"minecraft:nether_brick_wall":4,"minecraft:dark_oak_log":1,"minecraft:stripped_birch_log":18,"minecraft:nether_bricks":24,"minecraft:cobbled_deepslate_slab":5,"minecraft:spruce_fence":7,"minecraft:jungle_planks":1,"minecraft:redstone_wire":13,"colossalchests:colossal_chest_wood":8,"minecraft:moss_block":51,"minecraft:kelp":3,"minecraft:waxed_weathered_copper":1,"minecraft:redstone_ore":9,"minecraft:waxed_oxidized_cut_copper":2,"minecraft:snow":2,"minecraft:andesite":26,"minecraft:diamond_block":1,"minecraft:mossy_stone_brick_stairs":1,"minecraft:vine":2,"minecraft:rail":15,"minecraft:warped_stem":143,"minecraft:oak_slab":2,"minecraft:waxed_weathered_cut_copper_stairs":1,"minecraft:light_gray_carpet":9,"minecraft:hanging_roots":4,"minecraft:brown_carpet":4,"minecraft:stone_brick_slab":2,"minecraft:smooth_sandstone":4,"minecraft:warped_roots":1,"minecraft:tall_grass":6,"minecraft:copper_ore":19,"minecraft:deepslate_gold_ore":4,"minecraft:diorite":135,"minecraft:warped_wart_block":615,"minecraft:purple_bed":5,"minecraft:spruce_log":1957,"minecraft:birch_leaves":7,"minecraft:jungle_fence":9,"minecraft:dark_prismarine_slab":1,"minecraft:zombie_head":1,"minecraft:gravel":53,"minecraft:cobweb":115,"minecraft:acacia_planks":5,"minecraft:stone_bricks":64,"minecraft:waxed_exposed_cut_copper":3,"minecraft:fern":7,"minecraft:spruce_planks":21,"minecraft:warped_fence_gate":2,"minecraft:andesite_stairs":1,"sophisticatedbackpacks:gold_backpack":13,"minecraft:brewing_stand":1,"minecraft:spruce_trapdoor":47,"minecraft:cave_vines_plant":3,"cataclysm:stone_pillar":6,"minecraft:grass_block":27,"minecraft:purple_stained_glass_pane":1,"minecraft:polished_diorite":3,"minecraft:stripped_warped_hyphae":12,"minecraft:smooth_stone":1,"minecraft:raw_iron_block":26,"minecraft:glowstone":28,"minecraft:iron_ore":21,"minecraft:turtle_egg":17,"minecraft:anvil":1,"minecraft:dark_oak_stairs":2,"minecraft:flowering_azalea_leaves":11,"minecraft:iron_bars":9,"minecraft:azalea_leaves":20,"minecraft:azalea":1,"minecraft:spruce_slab":22,"minecraft:deepslate_redstone_ore":4,"lootr:lootr_chest":1,"minecraft:blackstone":11,"minecraft:polished_deepslate_stairs":1,"minecraft:clay":39,"minecraft:calcite":4,"minecraft:chest":3,"minecraft:birch_wood":2,"minecraft:mushroom_stem":21,"minecraft:nether_quartz_ore":25,"minecraft:cobblestone":55,"minecraft:honeycomb_block":9,"minecraft:grindstone":1,"minecraft:oak_planks":5,"minecraft:wall_torch":24,"minecraft:seagrass":28,"minecraft:stone_stairs":1,"minecraft:powered_rail":2,"minecraft:dark_oak_slab":2,"minecraft:warped_planks":9,"minecraft:birch_log":1,"minecraft:waxed_oxidized_cut_copper_stairs":1,"minecraft:blue_ice":1,"minecraft:light_gray_wool":1,"minecraft:oak_log":68,"cfm:stripped_warped_park_bench":1,"minecraft:waxed_oxidized_copper":2,"minecraft:sand":106,"minecraft:dirt":112,"minecraft:waxed_exposed_cut_copper_slab":1,"minecraft:waxed_weathered_cut_copper":8,"minecraft:tripwire_hook":1,"minecraft:dispenser":1,"minecraft:netherrack":2961,"minecraft:oak_leaves":14,"minecraft:emerald_block":1,"minecraft:tuff":159,"minecraft:dark_oak_leaves":1,"minecraft:potted_wither_rose":1,"minecraft:deepslate_diamond_ore":9,"minecraft:lever":1,"cataclysm:stone_tile_wall":3,"minecraft:decorated_pot":1,"minecraft:birch_slab":4,"minecraft:spruce_leaves":35,"minecraft:sandstone":6,"minecraft:large_fern":8,"minecraft:hay_block":33,"minecraft:deepslate_brick_slab":5,"minecraft:diorite_slab":1,"minecraft:spruce_sapling":5,"minecraft:furnace":12,"minecraft:raw_gold_block":4,"minecraft:nether_sprouts":1,"minecraft:stripped_spruce_log":8,"minecraft:detector_rail":2,"minecraft:gold_block":4,"minecraft:polished_deepslate":150,"minecraft:bookshelf":8,"minecraft:deepslate_iron_ore":8,"minecraft:shroomlight":17,"minecraft:lantern":4,"minecraft:packed_ice":9,"minecraft:stone":1205,"colossalchests:interface_wood":1,"minecraft:pink_terracotta":11,"minecraft:flowering_azalea":2,"minecraft:stripped_dark_oak_log":1,"minecraft:polished_granite":8,"minecraft:oak_fence":10,"minecraft:crafting_table":7,"minecraft:lime_carpet":1,"minecraft:lectern":163,"minecraft:birch_planks":2,"minecraft:sweet_berry_bush":13,"minecraft:ice":3,"minecraft:coal_ore":92,"minecraft:lodestone":1,"minecraft:polished_andesite":6,"minecraft:mossy_stone_bricks":4,"minecraft:warped_slab":3},"minecraft:killed":{"minecraft:cave_spider":1,"minecraft:cod":3,"minecraft:skeleton":16,"minecraft:chicken":2,"minecraft:magma_cube":47,"minecraft:salmon":2,"fromtheshadows:froglin":2,"minecraft:iron_golem":4,"mutantmonsters:mutant_skeleton":1,"minecraft:pillager":23,"minecraft:zombie":16,"creeperoverhaul:desert_creeper":25,"mca:male_villager":1,"minecraft:cow":3,"minecraft:endermite":3,"minecraft:vindicator":6,"creeperoverhaul:snowy_creeper":1,"mutantmonsters:mutant_snow_golem":1,"minecraft:wandering_trader":1,"minecraft:ravager":3,"creeperoverhaul:savannah_creeper":1,"minecraft:enderman":14,"minecraft:zombified_piglin":707,"minecraft:witch":4,"minecraft:spider":4,"minecraft:bee":1,"minecraft:piglin_brute":6,"minecraft:wolf":9,"minecraft:piglin":10,"minecraft:sheep":3,"minecraft:trader_llama":2,"minecraft:ghast":3,"minecraft:blaze":48,"minecraft:phantom":1,"minecraft:squid":1,"minecraft:wither_skeleton":1},"minecraft:killed_by":{"mutantmonsters:mutant_creeper":1,"minecraft:vindicator":3,"minecraft:vex":1,"minecraft:zombified_piglin":8,"creeperoverhaul:ocean_creeper":2,"minecraft:blaze":1,"minecraft:witch":3,"minecraft:skeleton":1},"minecraft:custom":{"minecraft:interact_with_crafting_table":19,"minecraft:open_barrel":8,"minecraft:bell_ring":2,"minecraft:eat_cake_slice":4,"minecraft:leave_game":84,"minecraft:time_since_death":6065,"minecraft:damage_blocked_by_shield":3015,"minecraft:play_time":2110860,"minecraft:deaths":38,"minecraft:jump":16236,"minecraft:interact_with_furnace":151,"minecraft:traded_with_villager":255,"minecraft:sleep_in_bed":76,"minecraft:damage_dealt":164599,"minecraft:inspect_dispenser":1,"minecraft:interact_with_anvil":16,"minecraft:inspect_hopper":21,"minecraft:damage_dealt_absorbed":329,"minecraft:sneak_time":184764,"minecraft:interact_with_lectern":2,"minecraft:interact_with_blast_furnace":34,"minecraft:total_world_time":2110860,"minecraft:interact_with_stonecutter":1,"minecraft:time_since_rest":6127,"minecraft:swim_one_cm":156882,"minecraft:fly_one_cm":4261867,"minecraft:open_chest":113,"minecraft:fall_one_cm":2227158,"lootr:looted_stat":242,"minecraft:animals_bred":7,"minecraft:damage_resisted":11798,"minecraft:sprint_one_cm":1993984,"minecraft:drop":1126,"minecraft:talked_to_villager":164,"minecraft:interact_with_brewingstand":2,"minecraft:walk_on_water_one_cm":293558,"minecraft:crouch_one_cm":555027,"minecraft:mob_kills":1015,"minecraft:damage_dealt_resisted":3789,"minecraft:climb_one_cm":61609,"minecraft:walk_one_cm":2807823,"minecraft:raid_win":2,"minecraft:walk_under_water_one_cm":144920,"minecraft:raid_trigger":1,"minecraft:interact_with_grindstone":5,"minecraft:damage_taken":78589,"minecraft:damage_absorbed":166,"minecraft:minecart_one_cm":1009},"minecraft:dropped":{"minecraft:iron_sword":6,"minecraft:diamond":10,"minecraft:crafting_table":1,"minecraft:glow_berries":1,"everlastingabilities:ability_totem":3,"minecraft:rail":2,"minecraft:dirt":43,"cwsr:meteoric_thunderstorm":1,"minecraft:gold_nugget":44,"minecraft:iron_pickaxe":4,"minecraft:fermented_spider_eye":1,"minecraft:diorite_slab":1,"minecraft:bone":21,"minecraft:stone_axe":2,"minecraft:iron_nugget":6,"minecraft:cobbled_deepslate":264,"minecraft:stripped_dark_oak_log":1,"minecraft:deepslate_brick_slab":2,"minecraft:rotten_flesh":75,"minecraft:oak_planks":2,"securitycraft:keypad_item":3,"minecraft:deepslate_tiles":1,"minecraft:ladder":1,"minecraft:spruce_slab":2,"minecraft:stone_brick_stairs":1,"minecraft:iron_ingot":28,"minecraft:wheat_seeds":29,"minecraft:iron_helmet":5,"minecraft:cobblestone":13,"minecraft:granite":2,"everlastingabilities:ability_bottle":3,"minecraft:polished_andesite":4,"minecraft:golden_carrot":1,"minecraft:potion":3,"minecraft:string":3,"minecraft:acacia_planks":1,"minecraft:spruce_sapling":3,"minecraft:sticky_piston":5,"minecraft:clay_ball":8,"minecraft:iron_boots":1,"minecraft:cobbled_deepslate_slab":1,"minecraft:spruce_fence":3,"minecraft:pumpkin_seeds":1,"minecraft:shroomlight":15,"minecraft:spruce_trapdoor":1,"minecraft:spruce_planks":1,"minecraft:diamond_pickaxe":3,"minecraft:andesite_stairs":1,"minecraft:stone_bricks":4,"minecraft:bell":1,"minecraft:magma_block":5,"minecraft:dark_prismarine":4,"minecraft:moss_block":5,"cwsr:wild_nature":1,"minecraft:stripped_warped_hyphae":4,"minecraft:gold_ingot":841,"minecraft:blackstone":103,"minecraft:stone_stairs":1,"withersweapons:electrumight":1,"minecraft:chainmail_chestplate":4,"minecraft:chiseled_stone_bricks":2,"minecraft:chainmail_boots":3,"minecraft:azalea":1,"vanillaplustools:stone_hammer":2,"minecraft:netherrack":1,"minecraft:stripped_spruce_log":1,"minecraft:stick":63,"mca:book_romance":4,"minecraft:diorite":18,"minecraft:torch":57,"minecraft:iron_leggings":1,"minecraft:flowering_azalea":1,"minecraft:iron_axe":1,"minecraft:polished_deepslate":1,"minecraft:kelp":9,"minecraft:tuff":18,"minecraft:raw_iron":1,"minecraft:light_gray_wool":1,"minecraft:iron_hoe":1,"minecraft:totem_of_undying":1,"cataclysm:stone_tiles":1,"minecraft:deepslate_bricks":1,"minecraft:diamond_chestplate":1,"minecraft:iron_chestplate":1,"minecraft:andesite":5,"minecraft:oak_sapling":1,"minecraft:golden_sword":9,"minecraft:stone_pickaxe":23,"securitycraft:keypad":4,"cwsr:ender_wind":5}},"DataVersion":3465}