{"stats":{"minecraft:killed":{"minecraft:endermite":1,"minecraft:cod":3,"minecraft:skeleton":1,"mutantmonsters:mutant_snow_golem":1,"minecraft:wolf":9,"minecraft:iron_golem":2,"mutantmonsters:mutant_skeleton":1,"minecraft:sheep":3,"minecraft:pillager":1,"minecraft:zombie":2,"creeperoverhaul:desert_creeper":25,"creeperoverhaul:savannah_creeper":1,"minecraft:cow":2},"minecraft:used":{"minecraft:acacia_log":1,"minecraft:chest":3,"minecraft:spruce_planks":1,"mutantmonsters:mutant_skeleton_spawn_egg":2,"vanillaplustools:stone_hammer":158,"minecraft:iron_chestplate":1,"minecraft:torch":18,"minecraft:dirt":8,"withersweapons:aquaslash":2,"minecraft:jungle_planks":39,"cataclysm:stone_tiles":309,"cwsr:golem_sword":1,"cwsr:tri_ender":32,"minecraft:iron_helmet":1,"minecraft:stone_bricks":1,"minecraft:light_gray_wool":1,"minecraft:beef":2,"minecraft:furnace":11,"croptopia:roe":1,"cwsr:meteoric_thunderstorm":1,"minecraft:cooked_mutton":6,"minecraft:stone_pickaxe":44,"minecraft:wooden_pickaxe":3,"creeperoverhaul:desert_creeper_spawn_egg":38,"minecraft:jungle_boat":1,"withersweapons:electrumight":7,"minecraft:sand":9,"minecraft:crafting_table":6,"minecraft:blast_furnace":1,"cwsr:wild_nature":2,"withersweapons:magentaslash":7,"minecraft:dark_prismarine":3,"minecraft:apple":5,"minecraft:iron_pickaxe":96,"minecraft:bread":8,"minecraft:map":2,"withersweapons:diablow":3,"mutantmonsters:mutant_snow_golem_spawn_egg":1,"minecraft:stone_axe":200,"minecraft:cobblestone":19,"cwsr:light_nether":2,"minecraft:purple_bed":4,"cwsr:atlantis_sword":1,"minecraft:jungle_door":1},"minecraft:broken":{"vanillaplustools:stone_hammer":1,"minecraft:stone_axe":1},"minecraft:killed_by":{"creeperoverhaul:ocean_creeper":2},"minecraft:custom":{"lootr:looted_stat":6,"minecraft:mob_kills":57,"minecraft:interact_with_crafting_table":16,"minecraft:leave_game":16,"minecraft:time_since_death":64170,"minecraft:climb_one_cm":6694,"minecraft:sprint_one_cm":182746,"minecraft:walk_one_cm":168482,"minecraft:drop":22,"minecraft:play_time":167699,"minecraft:deaths":6,"minecraft:sneak_time":3292,"minecraft:walk_under_water_one_cm":46834,"minecraft:jump":2061,"minecraft:walk_on_water_one_cm":47659,"minecraft:total_world_time":167699,"minecraft:interact_with_furnace":40,"minecraft:interact_with_stonecutter":1,"minecraft:sleep_in_bed":8,"minecraft:time_since_rest":3232,"minecraft:damage_taken":1717,"minecraft:damage_dealt":3921,"minecraft:swim_one_cm":42748,"minecraft:fly_one_cm":575508,"minecraft:open_chest":8,"minecraft:crouch_one_cm":8367,"minecraft:fall_one_cm":48858},"minecraft:dropped":{"minecraft:wheat_seeds":24,"cwsr:wild_nature":1,"minecraft:crafting_table":1,"minecraft:cobblestone":3,"everlastingabilities:ability_totem":1,"minecraft:dirt":2,"mca:book_romance":1,"cwsr:meteoric_thunderstorm":1,"minecraft:acacia_planks":1,"minecraft:spruce_sapling":1,"minecraft:stone_axe":2,"minecraft:kelp":9,"minecraft:light_gray_wool":1,"withersweapons:electrumight":1,"vanillaplustools:stone_hammer":1,"minecraft:stone_pickaxe":5},"minecraft:crafted":{"minecraft:oak_planks":20,"vanillaplustools:stone_hammer":2,"minecraft:furnace":10,"minecraft:stone":303,"minecraft:cooked_mutton":6,"cataclysm:stone_tiles":284,"minecraft:stone_pickaxe":19,"minecraft:chest":4,"minecraft:stone_bricks":284,"minecraft:crafting_table":1,"minecraft:jungle_boat":1,"minecraft:wooden_pickaxe":1,"minecraft:birch_planks":4,"minecraft:stone_axe":2,"minecraft:air":0,"minecraft:jungle_planks":104,"minecraft:jungle_door":6,"minecraft:stick":40,"minecraft:acacia_planks":4,"minecraft:torch":24},"minecraft:mined":{"minecraft:dark_prismarine":3,"minecraft:spruce_planks":1,"cataclysm:stone_tiles":25,"minecraft:granite":97,"minecraft:acacia_log":2,"minecraft:grass_block":7,"minecraft:jungle_planks":1,"minecraft:jungle_log":56,"minecraft:spruce_leaves":3,"minecraft:kelp":2,"minecraft:large_fern":1,"minecraft:furnace":1,"minecraft:iron_ore":8,"minecraft:andesite":5,"minecraft:pumpkin":4,"minecraft:vine":2,"minecraft:stone":852,"minecraft:kelp_plant":2,"minecraft:smoker":1,"minecraft:crafting_table":5,"minecraft:torch":1,"minecraft:blast_furnace":1,"minecraft:chest":1,"minecraft:cobblestone":13,"minecraft:copper_ore":19,"minecraft:sugar_cane":1,"minecraft:diorite":78,"minecraft:purple_bed":4,"minecraft:birch_log":1,"minecraft:wheat":3,"minecraft:ice":1,"minecraft:spruce_log":11,"minecraft:grass":2,"minecraft:oak_log":63,"minecraft:coal_ore":66,"minecraft:gravel":22,"minecraft:sand":12,"minecraft:dirt":27,"minecraft:acacia_planks":5,"minecraft:stone_bricks":1,"minecraft:oak_leaves":2},"minecraft:picked_up":{"minecraft:crafting_table":6,"minecraft:wheat":2,"minecraft:raw_copper":49,"minecraft:armor_stand":1,"minecraft:spruce_planks":1,"minecraft:beef":2,"minecraft:jungle_sapling":3,"minecraft:poppy":4,"minecraft:light_gray_wool":2,"minecraft:chest":1,"minecraft:egg":1,"minecraft:furnace":1,"minecraft:raw_iron":8,"minecraft:stick":28,"minecraft:sandstone":6,"cwsr:tri_ender":1,"minecraft:torch":2,"minecraft:acacia_log":6,"minecraft:diorite":78,"mutantmonsters:mutant_skeleton_pelvis":1,"minecraft:arrow":8,"minecraft:cactus":84,"everlastingabilities:ability_bottle":2,"withersweapons:electrumight":1,"minecraft:mutton":6,"minecraft:cod":3,"minecraft:snowball":12,"minecraft:white_wool":2,"minecraft:cobblestone":874,"minecraft:birch_log":1,"minecraft:andesite":5,"minecraft:jungle_log":26,"minecraft:smoker":1,"cwsr:meteoric_thunderstorm":2,"minecraft:flint":2,"minecraft:oak_log":63,"minecraft:gunpowder":76,"mca:book_romance":2,"minecraft:dirt":189,"cwsr:light_sword":1,"minecraft:bone":5,"minecraft:acacia_planks":5,"minecraft:apple":5,"minecraft:stone_bricks":1,"minecraft:kelp":9,"minecraft:wheat_seeds":26,"minecraft:stone_pickaxe":5,"everlastingabilities:ability_totem":7,"minecraft:iron_ingot":10,"croptopia:roe":5,"cwsr:wild_nature":2,"minecraft:pumpkin":4,"minecraft:gravel":20,"minecraft:jungle_planks":56,"minecraft:sand":35,"minecraft:spruce_sapling":2,"minecraft:blast_furnace":1,"minecraft:spruce_log":11,"cataclysm:stone_tiles":25,"minecraft:dark_prismarine":3,"minecraft:iron_hoe":1,"minecraft:purple_bed":4,"minecraft:stone_axe":2,"minecraft:granite":92,"minecraft:crossbow":1,"minecraft:iron_helmet":3,"vanillaplustools:stone_hammer":1,"minecraft:oak_sapling":60,"minecraft:coal":70,"mutantmonsters:mutant_skeleton_spawn_egg":1,"cwsr:atlantis_sword":1}},"DataVersion":3465}