{"stats":{"minecraft:picked_up":{"minecraft:sand":4},"minecraft:used":{"minecraft:sand":1},"minecraft:custom":{"minecraft:jump":69,"minecraft:time_since_rest":2054,"minecraft:leave_game":1,"minecraft:walk_on_water_one_cm":1803,"minecraft:sprint_one_cm":2348,"minecraft:play_time":2054,"minecraft:damage_taken":220,"minecraft:time_since_death":2054,"minecraft:walk_one_cm":1368,"minecraft:walk_under_water_one_cm":1035,"minecraft:total_world_time":2054,"minecraft:swim_one_cm":7892,"minecraft:fall_one_cm":4987,"minecraft:fly_one_cm":8196},"minecraft:mined":{"minecraft:sand":6}},"DataVersion":3465}